Analysis & Synthesis report for cpu_fpga
Tue Feb 24 18:00:53 2026
Quartus Prime Version 22.1std.2 Build 922 07/20/2023 SC Lite Edition


---------------------
; Table of Contents ;
---------------------
  1. Legal Notice
  2. Analysis & Synthesis Summary
  3. Analysis & Synthesis Settings
  4. Parallel Compilation
  5. Analysis & Synthesis Source Files Read
  6. Analysis & Synthesis Resource Usage Summary
  7. Analysis & Synthesis Resource Utilization by Entity
  8. Registers Removed During Synthesis
  9. Removed Registers Triggering Further Register Optimizations
 10. General Register Statistics
 11. Multiplexer Restructuring Statistics (Restructuring Performed)
 12. Parameter Settings for User Entity Instance: cpu:u_cpu
 13. Parameter Settings for User Entity Instance: cpu:u_cpu|rom:u_rom
 14. Parameter Settings for User Entity Instance: cpu:u_cpu|stack:u_stack
 15. Port Connectivity Checks: "cpu:u_cpu|pc:u_pc"
 16. Port Connectivity Checks: "cpu:u_cpu|stack:u_stack"
 17. Port Connectivity Checks: "cpu:u_cpu|decoder:u_dec"
 18. Port Connectivity Checks: "cpu:u_cpu"
 19. Post-Synthesis Netlist Statistics for Top Partition
 20. Elapsed Time Per Partition
 21. Analysis & Synthesis Messages



----------------
; Legal Notice ;
----------------
Copyright (C) 2023  Intel Corporation. All rights reserved.
Your use of Intel Corporation's design tools, logic functions 
and other software and tools, and any partner logic 
functions, and any output files from any of the foregoing 
(including device programming or simulation files), and any 
associated documentation or information are expressly subject 
to the terms and conditions of the Intel Program License 
Subscription Agreement, the Intel Quartus Prime License Agreement,
the Intel FPGA IP License Agreement, or other applicable license
agreement, including, without limitation, that your use is for
the sole purpose of programming logic devices manufactured by
Intel and sold by Intel or its authorized distributors.  Please
refer to the applicable agreement for further details, at
https://fpgasoftware.intel.com/eula.



+-------------------------------------------------------------------------------------+
; Analysis & Synthesis Summary                                                        ;
+------------------------------------+------------------------------------------------+
; Analysis & Synthesis Status        ; Successful - Tue Feb 24 18:00:53 2026          ;
; Quartus Prime Version              ; 22.1std.2 Build 922 07/20/2023 SC Lite Edition ;
; Revision Name                      ; cpu_fpga                                       ;
; Top-level Entity Name              ; top                                            ;
; Family                             ; MAX 10                                         ;
; Total logic elements               ; 493                                            ;
;     Total combinational functions  ; 347                                            ;
;     Dedicated logic registers      ; 212                                            ;
; Total registers                    ; 212                                            ;
; Total pins                         ; 10                                             ;
; Total virtual pins                 ; 0                                              ;
; Total memory bits                  ; 0                                              ;
; Embedded Multiplier 9-bit elements ; 0                                              ;
; Total PLLs                         ; 0                                              ;
; UFM blocks                         ; 0                                              ;
; ADC blocks                         ; 0                                              ;
+------------------------------------+------------------------------------------------+


+------------------------------------------------------------------------------------------------------------+
; Analysis & Synthesis Settings                                                                              ;
+------------------------------------------------------------------+--------------------+--------------------+
; Option                                                           ; Setting            ; Default Value      ;
+------------------------------------------------------------------+--------------------+--------------------+
; Device                                                           ; 10M08SAU169C8G     ;                    ;
; Top-level entity name                                            ; top                ; cpu_fpga           ;
; Family name                                                      ; MAX 10             ; Cyclone V          ;
; Maximum processors allowed for parallel compilation              ; All                ;                    ;
; Use smart compilation                                            ; Off                ; Off                ;
; Enable parallel Assembler and Timing Analyzer during compilation ; On                 ; On                 ;
; Enable compact report table                                      ; Off                ; Off                ;
; Restructure Multiplexers                                         ; Auto               ; Auto               ;
; Create Debugging Nodes for IP Cores                              ; Off                ; Off                ;
; Preserve fewer node names                                        ; On                 ; On                 ;
; Intel FPGA IP Evaluation Mode                                    ; Enable             ; Enable             ;
; Verilog Version                                                  ; Verilog_2001       ; Verilog_2001       ;
; VHDL Version                                                     ; VHDL_1993          ; VHDL_1993          ;
; State Machine Processing                                         ; Auto               ; Auto               ;
; Safe State Machine                                               ; Off                ; Off                ;
; Extract Verilog State Machines                                   ; On                 ; On                 ;
; Extract VHDL State Machines                                      ; On                 ; On                 ;
; Ignore Verilog initial constructs                                ; Off                ; Off                ;
; Iteration limit for constant Verilog loops                       ; 5000               ; 5000               ;
; Iteration limit for non-constant Verilog loops                   ; 250                ; 250                ;
; Add Pass-Through Logic to Inferred RAMs                          ; On                 ; On                 ;
; Infer RAMs from Raw Logic                                        ; On                 ; On                 ;
; Parallel Synthesis                                               ; On                 ; On                 ;
; DSP Block Balancing                                              ; Auto               ; Auto               ;
; NOT Gate Push-Back                                               ; On                 ; On                 ;
; Power-Up Don't Care                                              ; On                 ; On                 ;
; Remove Redundant Logic Cells                                     ; Off                ; Off                ;
; Remove Duplicate Registers                                       ; On                 ; On                 ;
; Ignore CARRY Buffers                                             ; Off                ; Off                ;
; Ignore CASCADE Buffers                                           ; Off                ; Off                ;
; Ignore GLOBAL Buffers                                            ; Off                ; Off                ;
; Ignore ROW GLOBAL Buffers                                        ; Off                ; Off                ;
; Ignore LCELL Buffers                                             ; Off                ; Off                ;
; Ignore SOFT Buffers                                              ; On                 ; On                 ;
; Limit AHDL Integers to 32 Bits                                   ; Off                ; Off                ;
; Optimization Technique                                           ; Balanced           ; Balanced           ;
; Carry Chain Length                                               ; 70                 ; 70                 ;
; Auto Carry Chains                                                ; On                 ; On                 ;
; Auto Open-Drain Pins                                             ; On                 ; On                 ;
; Perform WYSIWYG Primitive Resynthesis                            ; Off                ; Off                ;
; Auto ROM Replacement                                             ; On                 ; On                 ;
; Auto RAM Replacement                                             ; On                 ; On                 ;
; Auto DSP Block Replacement                                       ; On                 ; On                 ;
; Auto Shift Register Replacement                                  ; Auto               ; Auto               ;
; Allow Shift Register Merging across Hierarchies                  ; Auto               ; Auto               ;
; Auto Clock Enable Replacement                                    ; On                 ; On                 ;
; Strict RAM Replacement                                           ; Off                ; Off                ;
; Allow Synchronous Control Signals                                ; On                 ; On                 ;
; Force Use of Synchronous Clear Signals                           ; Off                ; Off                ;
; Auto RAM Block Balancing                                         ; On                 ; On                 ;
; Auto RAM to Logic Cell Conversion                                ; Off                ; Off                ;
; Auto Resource Sharing                                            ; Off                ; Off                ;
; Allow Any RAM Size For Recognition                               ; Off                ; Off                ;
; Allow Any ROM Size For Recognition                               ; Off                ; Off                ;
; Allow Any Shift Register Size For Recognition                    ; Off                ; Off                ;
; Use LogicLock Constraints during Resource Balancing              ; On                 ; On                 ;
; Ignore translate_off and synthesis_off directives                ; Off                ; Off                ;
; Timing-Driven Synthesis                                          ; On                 ; On                 ;
; Report Parameter Settings                                        ; On                 ; On                 ;
; Report Source Assignments                                        ; On                 ; On                 ;
; Report Connectivity Checks                                       ; On                 ; On                 ;
; Ignore Maximum Fan-Out Assignments                               ; Off                ; Off                ;
; Synchronization Register Chain Length                            ; 2                  ; 2                  ;
; Power Optimization During Synthesis                              ; Normal compilation ; Normal compilation ;
; HDL message level                                                ; Level2             ; Level2             ;
; Suppress Register Optimization Related Messages                  ; Off                ; Off                ;
; Number of Removed Registers Reported in Synthesis Report         ; 5000               ; 5000               ;
; Number of Swept Nodes Reported in Synthesis Report               ; 5000               ; 5000               ;
; Number of Inverted Registers Reported in Synthesis Report        ; 100                ; 100                ;
; Clock MUX Protection                                             ; On                 ; On                 ;
; Auto Gated Clock Conversion                                      ; Off                ; Off                ;
; Block Design Naming                                              ; Auto               ; Auto               ;
; SDC constraint protection                                        ; Off                ; Off                ;
; Synthesis Effort                                                 ; Auto               ; Auto               ;
; Shift Register Replacement - Allow Asynchronous Clear Signal     ; On                 ; On                 ;
; Pre-Mapping Resynthesis Optimization                             ; Off                ; Off                ;
; Analysis & Synthesis Message Level                               ; Medium             ; Medium             ;
; Disable Register Merging Across Hierarchies                      ; Auto               ; Auto               ;
; Resource Aware Inference For Block RAM                           ; On                 ; On                 ;
+------------------------------------------------------------------+--------------------+--------------------+


+------------------------------------------+
; Parallel Compilation                     ;
+----------------------------+-------------+
; Processors                 ; Number      ;
+----------------------------+-------------+
; Number detected on machine ; 8           ;
; Maximum allowed            ; 8           ;
;                            ;             ;
; Average used               ; 1.00        ;
; Maximum used               ; 8           ;
;                            ;             ;
; Usage by Processor         ; % Time Used ;
;     Processor 1            ; 100.0%      ;
;     Processors 2-8         ;   0.0%      ;
+----------------------------+-------------+


+----------------------------------------------------------------------------------------------------------------------+
; Analysis & Synthesis Source Files Read                                                                               ;
+----------------------------------+-----------------+------------------------+------------------------------+---------+
; File Name with User-Entered Path ; Used in Netlist ; File Type              ; File Name with Absolute Path ; Library ;
+----------------------------------+-----------------+------------------------+------------------------------+---------+
; ../rtl/top.v                     ; yes             ; User Verilog HDL File  ; /project/rtl/top.v           ;         ;
; ../rtl/cpu.v                     ; yes             ; User Verilog HDL File  ; /project/rtl/cpu.v           ;         ;
; ../rtl/alu.v                     ; yes             ; User Verilog HDL File  ; /project/rtl/alu.v           ;         ;
; ../rtl/regfile.v                 ; yes             ; User Verilog HDL File  ; /project/rtl/regfile.v       ;         ;
; ../rtl/pc.v                      ; yes             ; User Verilog HDL File  ; /project/rtl/pc.v            ;         ;
; ../rtl/decoder.v                 ; yes             ; User Verilog HDL File  ; /project/rtl/decoder.v       ;         ;
; ../rtl/rom.v                     ; yes             ; User Verilog HDL File  ; /project/rtl/rom.v           ;         ;
; ../rtl/ram.v                     ; yes             ; User Verilog HDL File  ; /project/rtl/ram.v           ;         ;
; ../rtl/stack.v                   ; yes             ; User Verilog HDL File  ; /project/rtl/stack.v         ;         ;
+----------------------------------+-----------------+------------------------+------------------------------+---------+


+-------------------------------------------------------------+
; Analysis & Synthesis Resource Usage Summary                 ;
+---------------------------------------------+---------------+
; Resource                                    ; Usage         ;
+---------------------------------------------+---------------+
; Estimated Total logic elements              ; 493           ;
;                                             ;               ;
; Total combinational functions               ; 347           ;
; Logic element usage by number of LUT inputs ;               ;
;     -- 4 input functions                    ; 241           ;
;     -- 3 input functions                    ; 48            ;
;     -- <=2 input functions                  ; 58            ;
;                                             ;               ;
; Logic elements by mode                      ;               ;
;     -- normal mode                          ; 296           ;
;     -- arithmetic mode                      ; 51            ;
;                                             ;               ;
; Total registers                             ; 212           ;
;     -- Dedicated logic registers            ; 212           ;
;     -- I/O registers                        ; 0             ;
;                                             ;               ;
; I/O pins                                    ; 10            ;
;                                             ;               ;
; Embedded Multiplier 9-bit elements          ; 0             ;
;                                             ;               ;
; Maximum fan-out node                        ; clk_12m~input ;
; Maximum fan-out                             ; 212           ;
; Total fan-out                               ; 1869          ;
; Average fan-out                             ; 3.23          ;
+---------------------------------------------+---------------+


+---------------------------------------------------------------------------------------------------------------------------------------------------------------------------------------------------------------------------------------------+
; Analysis & Synthesis Resource Utilization by Entity                                                                                                                                                                                         ;
+----------------------------+---------------------+---------------------------+-------------+------------+--------------+---------+-----------+------+--------------+------------+------------------------------+-------------+--------------+
; Compilation Hierarchy Node ; Combinational ALUTs ; Dedicated Logic Registers ; Memory Bits ; UFM Blocks ; DSP Elements ; DSP 9x9 ; DSP 18x18 ; Pins ; Virtual Pins ; ADC blocks ; Full Hierarchy Name          ; Entity Name ; Library Name ;
+----------------------------+---------------------+---------------------------+-------------+------------+--------------+---------+-----------+------+--------------+------------+------------------------------+-------------+--------------+
; |top                       ; 347 (25)            ; 212 (26)                  ; 0           ; 0          ; 0            ; 0       ; 0         ; 10   ; 0            ; 0          ; |top                         ; top         ; work         ;
;    |cpu:u_cpu|             ; 322 (114)           ; 186 (5)                   ; 0           ; 0          ; 0            ; 0       ; 0         ; 0    ; 0            ; 0          ; |top|cpu:u_cpu               ; cpu         ; work         ;
;       |alu:u_alu|          ; 72 (72)             ; 0 (0)                     ; 0           ; 0          ; 0            ; 0       ; 0         ; 0    ; 0            ; 0          ; |top|cpu:u_cpu|alu:u_alu     ; alu         ; work         ;
;       |decoder:u_dec|      ; 30 (30)             ; 0 (0)                     ; 0           ; 0          ; 0            ; 0       ; 0         ; 0    ; 0            ; 0          ; |top|cpu:u_cpu|decoder:u_dec ; decoder     ; work         ;
;       |pc:u_pc|            ; 16 (16)             ; 8 (8)                     ; 0           ; 0          ; 0            ; 0       ; 0         ; 0    ; 0            ; 0          ; |top|cpu:u_cpu|pc:u_pc       ; pc          ; work         ;
;       |regfile:u_rf|       ; 39 (39)             ; 32 (32)                   ; 0           ; 0          ; 0            ; 0       ; 0         ; 0    ; 0            ; 0          ; |top|cpu:u_cpu|regfile:u_rf  ; regfile     ; work         ;
;       |rom:u_rom|          ; 11 (11)             ; 7 (7)                     ; 0           ; 0          ; 0            ; 0       ; 0         ; 0    ; 0            ; 0          ; |top|cpu:u_cpu|rom:u_rom     ; rom         ; work         ;
;       |stack:u_stack|      ; 40 (40)             ; 134 (134)                 ; 0           ; 0          ; 0            ; 0       ; 0         ; 0    ; 0            ; 0          ; |top|cpu:u_cpu|stack:u_stack ; stack       ; work         ;
+----------------------------+---------------------+---------------------------+-------------+------------+--------------+---------+-----------+------+--------------+------------+------------------------------+-------------+--------------+
Note: For table entries with two numbers listed, the numbers in parentheses indicate the number of resources of the given type used by the specific entity alone. The numbers listed outside of parentheses indicate the total resources of the given type used by the specific entity and all of its sub-entities in the hierarchy.


+----------------------------------------------------------------------------------------+
; Registers Removed During Synthesis                                                     ;
+------------------------------------------+---------------------------------------------+
; Register name                            ; Reason for Removal                          ;
+------------------------------------------+---------------------------------------------+
; cpu:u_cpu|rom:u_rom|data_out[8,10,11,15] ; Stuck at GND due to stuck port data_in      ;
; cpu:u_cpu|halted                         ; Stuck at GND due to stuck port data_in      ;
; cpu:u_cpu|regfile:u_rf|regs[4][7]        ; Stuck at GND due to stuck port data_in      ;
; cpu:u_cpu|regfile:u_rf|regs[5][7]        ; Stuck at GND due to stuck port data_in      ;
; cpu:u_cpu|regfile:u_rf|regs[6][7]        ; Stuck at GND due to stuck port data_in      ;
; cpu:u_cpu|regfile:u_rf|regs[7][7]        ; Stuck at GND due to stuck port data_in      ;
; cpu:u_cpu|regfile:u_rf|regs[4][6]        ; Stuck at GND due to stuck port data_in      ;
; cpu:u_cpu|regfile:u_rf|regs[5][6]        ; Stuck at GND due to stuck port data_in      ;
; cpu:u_cpu|regfile:u_rf|regs[6][6]        ; Stuck at GND due to stuck port data_in      ;
; cpu:u_cpu|regfile:u_rf|regs[7][6]        ; Stuck at GND due to stuck port data_in      ;
; cpu:u_cpu|regfile:u_rf|regs[4][5]        ; Stuck at GND due to stuck port data_in      ;
; cpu:u_cpu|regfile:u_rf|regs[5][5]        ; Stuck at GND due to stuck port data_in      ;
; cpu:u_cpu|regfile:u_rf|regs[6][5]        ; Stuck at GND due to stuck port data_in      ;
; cpu:u_cpu|regfile:u_rf|regs[7][5]        ; Stuck at GND due to stuck port data_in      ;
; cpu:u_cpu|regfile:u_rf|regs[4][4]        ; Stuck at GND due to stuck port data_in      ;
; cpu:u_cpu|regfile:u_rf|regs[5][4]        ; Stuck at GND due to stuck port data_in      ;
; cpu:u_cpu|regfile:u_rf|regs[6][4]        ; Stuck at GND due to stuck port data_in      ;
; cpu:u_cpu|regfile:u_rf|regs[7][4]        ; Stuck at GND due to stuck port data_in      ;
; cpu:u_cpu|regfile:u_rf|regs[4][3]        ; Stuck at GND due to stuck port data_in      ;
; cpu:u_cpu|regfile:u_rf|regs[5][3]        ; Stuck at GND due to stuck port data_in      ;
; cpu:u_cpu|regfile:u_rf|regs[6][3]        ; Stuck at GND due to stuck port data_in      ;
; cpu:u_cpu|regfile:u_rf|regs[7][3]        ; Stuck at GND due to stuck port data_in      ;
; cpu:u_cpu|regfile:u_rf|regs[4][2]        ; Stuck at GND due to stuck port data_in      ;
; cpu:u_cpu|regfile:u_rf|regs[5][2]        ; Stuck at GND due to stuck port data_in      ;
; cpu:u_cpu|regfile:u_rf|regs[6][2]        ; Stuck at GND due to stuck port data_in      ;
; cpu:u_cpu|regfile:u_rf|regs[7][2]        ; Stuck at GND due to stuck port data_in      ;
; cpu:u_cpu|regfile:u_rf|regs[4][1]        ; Stuck at GND due to stuck port data_in      ;
; cpu:u_cpu|regfile:u_rf|regs[5][1]        ; Stuck at GND due to stuck port data_in      ;
; cpu:u_cpu|regfile:u_rf|regs[6][1]        ; Stuck at GND due to stuck port data_in      ;
; cpu:u_cpu|regfile:u_rf|regs[7][1]        ; Stuck at GND due to stuck port data_in      ;
; cpu:u_cpu|regfile:u_rf|regs[4][0]        ; Stuck at GND due to stuck port data_in      ;
; cpu:u_cpu|regfile:u_rf|regs[5][0]        ; Stuck at GND due to stuck port data_in      ;
; cpu:u_cpu|regfile:u_rf|regs[6][0]        ; Stuck at GND due to stuck port data_in      ;
; cpu:u_cpu|regfile:u_rf|regs[7][0]        ; Stuck at GND due to stuck port data_in      ;
; cpu:u_cpu|rom:u_rom|data_out[9]          ; Merged with cpu:u_cpu|rom:u_rom|data_out[1] ;
; cpu:u_cpu|rom:u_rom|data_out[4..7]       ; Merged with cpu:u_cpu|rom:u_rom|data_out[2] ;
; cpu:u_cpu|ram:u_ram|mem~15               ; Stuck at GND due to stuck port data_in      ;
; cpu:u_cpu|ram:u_ram|mem~7                ; Stuck at GND due to stuck port data_in      ;
; cpu:u_cpu|ram:u_ram|mem~31               ; Stuck at GND due to stuck port data_in      ;
; cpu:u_cpu|ram:u_ram|mem~23               ; Stuck at GND due to stuck port data_in      ;
; cpu:u_cpu|ram:u_ram|mem~47               ; Stuck at GND due to stuck port data_in      ;
; cpu:u_cpu|ram:u_ram|mem~39               ; Stuck at GND due to stuck port data_in      ;
; cpu:u_cpu|ram:u_ram|mem~63               ; Stuck at GND due to stuck port data_in      ;
; cpu:u_cpu|ram:u_ram|mem~55               ; Stuck at GND due to stuck port data_in      ;
; cpu:u_cpu|ram:u_ram|mem~79               ; Stuck at GND due to stuck port data_in      ;
; cpu:u_cpu|ram:u_ram|mem~71               ; Stuck at GND due to stuck port data_in      ;
; cpu:u_cpu|ram:u_ram|mem~95               ; Stuck at GND due to stuck port data_in      ;
; cpu:u_cpu|ram:u_ram|mem~87               ; Stuck at GND due to stuck port data_in      ;
; cpu:u_cpu|ram:u_ram|mem~111              ; Stuck at GND due to stuck port data_in      ;
; cpu:u_cpu|ram:u_ram|mem~103              ; Stuck at GND due to stuck port data_in      ;
; cpu:u_cpu|ram:u_ram|mem~127              ; Stuck at GND due to stuck port data_in      ;
; cpu:u_cpu|ram:u_ram|mem~119              ; Stuck at GND due to stuck port data_in      ;
; cpu:u_cpu|ram:u_ram|mem~143              ; Stuck at GND due to stuck port data_in      ;
; cpu:u_cpu|ram:u_ram|mem~135              ; Stuck at GND due to stuck port data_in      ;
; cpu:u_cpu|ram:u_ram|mem~159              ; Stuck at GND due to stuck port data_in      ;
; cpu:u_cpu|ram:u_ram|mem~151              ; Stuck at GND due to stuck port data_in      ;
; cpu:u_cpu|ram:u_ram|mem~175              ; Stuck at GND due to stuck port data_in      ;
; cpu:u_cpu|ram:u_ram|mem~167              ; Stuck at GND due to stuck port data_in      ;
; cpu:u_cpu|ram:u_ram|mem~191              ; Stuck at GND due to stuck port data_in      ;
; cpu:u_cpu|ram:u_ram|mem~183              ; Stuck at GND due to stuck port data_in      ;
; cpu:u_cpu|ram:u_ram|mem~207              ; Stuck at GND due to stuck port data_in      ;
; cpu:u_cpu|ram:u_ram|mem~199              ; Stuck at GND due to stuck port data_in      ;
; cpu:u_cpu|ram:u_ram|mem~223              ; Stuck at GND due to stuck port data_in      ;
; cpu:u_cpu|ram:u_ram|mem~215              ; Stuck at GND due to stuck port data_in      ;
; cpu:u_cpu|ram:u_ram|mem~239              ; Stuck at GND due to stuck port data_in      ;
; cpu:u_cpu|ram:u_ram|mem~231              ; Stuck at GND due to stuck port data_in      ;
; cpu:u_cpu|ram:u_ram|mem~255              ; Stuck at GND due to stuck port data_in      ;
; cpu:u_cpu|ram:u_ram|mem~247              ; Stuck at GND due to stuck port data_in      ;
; cpu:u_cpu|ram:u_ram|mem~271              ; Stuck at GND due to stuck port data_in      ;
; cpu:u_cpu|ram:u_ram|mem~263              ; Stuck at GND due to stuck port data_in      ;
; cpu:u_cpu|ram:u_ram|mem~287              ; Stuck at GND due to stuck port data_in      ;
; cpu:u_cpu|ram:u_ram|mem~279              ; Stuck at GND due to stuck port data_in      ;
; cpu:u_cpu|ram:u_ram|mem~303              ; Stuck at GND due to stuck port data_in      ;
; cpu:u_cpu|ram:u_ram|mem~295              ; Stuck at GND due to stuck port data_in      ;
; cpu:u_cpu|ram:u_ram|mem~319              ; Stuck at GND due to stuck port data_in      ;
; cpu:u_cpu|ram:u_ram|mem~311              ; Stuck at GND due to stuck port data_in      ;
; cpu:u_cpu|ram:u_ram|mem~335              ; Stuck at GND due to stuck port data_in      ;
; cpu:u_cpu|ram:u_ram|mem~327              ; Stuck at GND due to stuck port data_in      ;
; cpu:u_cpu|ram:u_ram|mem~351              ; Stuck at GND due to stuck port data_in      ;
; cpu:u_cpu|ram:u_ram|mem~343              ; Stuck at GND due to stuck port data_in      ;
; cpu:u_cpu|ram:u_ram|mem~367              ; Stuck at GND due to stuck port data_in      ;
; cpu:u_cpu|ram:u_ram|mem~359              ; Stuck at GND due to stuck port data_in      ;
; cpu:u_cpu|ram:u_ram|mem~383              ; Stuck at GND due to stuck port data_in      ;
; cpu:u_cpu|ram:u_ram|mem~375              ; Stuck at GND due to stuck port data_in      ;
; cpu:u_cpu|ram:u_ram|mem~399              ; Stuck at GND due to stuck port data_in      ;
; cpu:u_cpu|ram:u_ram|mem~391              ; Stuck at GND due to stuck port data_in      ;
; cpu:u_cpu|ram:u_ram|mem~415              ; Stuck at GND due to stuck port data_in      ;
; cpu:u_cpu|ram:u_ram|mem~407              ; Stuck at GND due to stuck port data_in      ;
; cpu:u_cpu|ram:u_ram|mem~431              ; Stuck at GND due to stuck port data_in      ;
; cpu:u_cpu|ram:u_ram|mem~423              ; Stuck at GND due to stuck port data_in      ;
; cpu:u_cpu|ram:u_ram|mem~447              ; Stuck at GND due to stuck port data_in      ;
; cpu:u_cpu|ram:u_ram|mem~439              ; Stuck at GND due to stuck port data_in      ;
; cpu:u_cpu|ram:u_ram|mem~463              ; Stuck at GND due to stuck port data_in      ;
; cpu:u_cpu|ram:u_ram|mem~455              ; Stuck at GND due to stuck port data_in      ;
; cpu:u_cpu|ram:u_ram|mem~479              ; Stuck at GND due to stuck port data_in      ;
; cpu:u_cpu|ram:u_ram|mem~471              ; Stuck at GND due to stuck port data_in      ;
; cpu:u_cpu|ram:u_ram|mem~495              ; Stuck at GND due to stuck port data_in      ;
; cpu:u_cpu|ram:u_ram|mem~487              ; Stuck at GND due to stuck port data_in      ;
; cpu:u_cpu|ram:u_ram|mem~511              ; Stuck at GND due to stuck port data_in      ;
; cpu:u_cpu|ram:u_ram|mem~503              ; Stuck at GND due to stuck port data_in      ;
; cpu:u_cpu|ram:u_ram|mem~527              ; Stuck at GND due to stuck port data_in      ;
; cpu:u_cpu|ram:u_ram|mem~519              ; Stuck at GND due to stuck port data_in      ;
; cpu:u_cpu|ram:u_ram|mem~543              ; Stuck at GND due to stuck port data_in      ;
; cpu:u_cpu|ram:u_ram|mem~535              ; Stuck at GND due to stuck port data_in      ;
; cpu:u_cpu|ram:u_ram|mem~559              ; Stuck at GND due to stuck port data_in      ;
; cpu:u_cpu|ram:u_ram|mem~551              ; Stuck at GND due to stuck port data_in      ;
; cpu:u_cpu|ram:u_ram|mem~575              ; Stuck at GND due to stuck port data_in      ;
; cpu:u_cpu|ram:u_ram|mem~567              ; Stuck at GND due to stuck port data_in      ;
; cpu:u_cpu|ram:u_ram|mem~591              ; Stuck at GND due to stuck port data_in      ;
; cpu:u_cpu|ram:u_ram|mem~583              ; Stuck at GND due to stuck port data_in      ;
; cpu:u_cpu|ram:u_ram|mem~607              ; Stuck at GND due to stuck port data_in      ;
; cpu:u_cpu|ram:u_ram|mem~599              ; Stuck at GND due to stuck port data_in      ;
; cpu:u_cpu|ram:u_ram|mem~623              ; Stuck at GND due to stuck port data_in      ;
; cpu:u_cpu|ram:u_ram|mem~615              ; Stuck at GND due to stuck port data_in      ;
; cpu:u_cpu|ram:u_ram|mem~639              ; Stuck at GND due to stuck port data_in      ;
; cpu:u_cpu|ram:u_ram|mem~631              ; Stuck at GND due to stuck port data_in      ;
; cpu:u_cpu|ram:u_ram|mem~655              ; Stuck at GND due to stuck port data_in      ;
; cpu:u_cpu|ram:u_ram|mem~647              ; Stuck at GND due to stuck port data_in      ;
; cpu:u_cpu|ram:u_ram|mem~671              ; Stuck at GND due to stuck port data_in      ;
; cpu:u_cpu|ram:u_ram|mem~663              ; Stuck at GND due to stuck port data_in      ;
; cpu:u_cpu|ram:u_ram|mem~687              ; Stuck at GND due to stuck port data_in      ;
; cpu:u_cpu|ram:u_ram|mem~679              ; Stuck at GND due to stuck port data_in      ;
; cpu:u_cpu|ram:u_ram|mem~703              ; Stuck at GND due to stuck port data_in      ;
; cpu:u_cpu|ram:u_ram|mem~695              ; Stuck at GND due to stuck port data_in      ;
; cpu:u_cpu|ram:u_ram|mem~719              ; Stuck at GND due to stuck port data_in      ;
; cpu:u_cpu|ram:u_ram|mem~711              ; Stuck at GND due to stuck port data_in      ;
; cpu:u_cpu|ram:u_ram|mem~735              ; Stuck at GND due to stuck port data_in      ;
; cpu:u_cpu|ram:u_ram|mem~727              ; Stuck at GND due to stuck port data_in      ;
; cpu:u_cpu|ram:u_ram|mem~751              ; Stuck at GND due to stuck port data_in      ;
; cpu:u_cpu|ram:u_ram|mem~743              ; Stuck at GND due to stuck port data_in      ;
; cpu:u_cpu|ram:u_ram|mem~767              ; Stuck at GND due to stuck port data_in      ;
; cpu:u_cpu|ram:u_ram|mem~759              ; Stuck at GND due to stuck port data_in      ;
; cpu:u_cpu|ram:u_ram|mem~783              ; Stuck at GND due to stuck port data_in      ;
; cpu:u_cpu|ram:u_ram|mem~775              ; Stuck at GND due to stuck port data_in      ;
; cpu:u_cpu|ram:u_ram|mem~799              ; Stuck at GND due to stuck port data_in      ;
; cpu:u_cpu|ram:u_ram|mem~791              ; Stuck at GND due to stuck port data_in      ;
; cpu:u_cpu|ram:u_ram|mem~815              ; Stuck at GND due to stuck port data_in      ;
; cpu:u_cpu|ram:u_ram|mem~807              ; Stuck at GND due to stuck port data_in      ;
; cpu:u_cpu|ram:u_ram|mem~831              ; Stuck at GND due to stuck port data_in      ;
; cpu:u_cpu|ram:u_ram|mem~823              ; Stuck at GND due to stuck port data_in      ;
; cpu:u_cpu|ram:u_ram|mem~847              ; Stuck at GND due to stuck port data_in      ;
; cpu:u_cpu|ram:u_ram|mem~839              ; Stuck at GND due to stuck port data_in      ;
; cpu:u_cpu|ram:u_ram|mem~863              ; Stuck at GND due to stuck port data_in      ;
; cpu:u_cpu|ram:u_ram|mem~855              ; Stuck at GND due to stuck port data_in      ;
; cpu:u_cpu|ram:u_ram|mem~879              ; Stuck at GND due to stuck port data_in      ;
; cpu:u_cpu|ram:u_ram|mem~871              ; Stuck at GND due to stuck port data_in      ;
; cpu:u_cpu|ram:u_ram|mem~895              ; Stuck at GND due to stuck port data_in      ;
; cpu:u_cpu|ram:u_ram|mem~887              ; Stuck at GND due to stuck port data_in      ;
; cpu:u_cpu|ram:u_ram|mem~911              ; Stuck at GND due to stuck port data_in      ;
; cpu:u_cpu|ram:u_ram|mem~903              ; Stuck at GND due to stuck port data_in      ;
; cpu:u_cpu|ram:u_ram|mem~927              ; Stuck at GND due to stuck port data_in      ;
; cpu:u_cpu|ram:u_ram|mem~919              ; Stuck at GND due to stuck port data_in      ;
; cpu:u_cpu|ram:u_ram|mem~943              ; Stuck at GND due to stuck port data_in      ;
; cpu:u_cpu|ram:u_ram|mem~935              ; Stuck at GND due to stuck port data_in      ;
; cpu:u_cpu|ram:u_ram|mem~959              ; Stuck at GND due to stuck port data_in      ;
; cpu:u_cpu|ram:u_ram|mem~951              ; Stuck at GND due to stuck port data_in      ;
; cpu:u_cpu|ram:u_ram|mem~975              ; Stuck at GND due to stuck port data_in      ;
; cpu:u_cpu|ram:u_ram|mem~967              ; Stuck at GND due to stuck port data_in      ;
; cpu:u_cpu|ram:u_ram|mem~991              ; Stuck at GND due to stuck port data_in      ;
; cpu:u_cpu|ram:u_ram|mem~983              ; Stuck at GND due to stuck port data_in      ;
; cpu:u_cpu|ram:u_ram|mem~1007             ; Stuck at GND due to stuck port data_in      ;
; cpu:u_cpu|ram:u_ram|mem~999              ; Stuck at GND due to stuck port data_in      ;
; cpu:u_cpu|ram:u_ram|mem~1023             ; Stuck at GND due to stuck port data_in      ;
; cpu:u_cpu|ram:u_ram|mem~1015             ; Stuck at GND due to stuck port data_in      ;
; cpu:u_cpu|ram:u_ram|mem~1039             ; Stuck at GND due to stuck port data_in      ;
; cpu:u_cpu|ram:u_ram|mem~1031             ; Stuck at GND due to stuck port data_in      ;
; cpu:u_cpu|ram:u_ram|mem~1055             ; Stuck at GND due to stuck port data_in      ;
; cpu:u_cpu|ram:u_ram|mem~1047             ; Stuck at GND due to stuck port data_in      ;
; cpu:u_cpu|ram:u_ram|mem~1071             ; Stuck at GND due to stuck port data_in      ;
; cpu:u_cpu|ram:u_ram|mem~1063             ; Stuck at GND due to stuck port data_in      ;
; cpu:u_cpu|ram:u_ram|mem~1087             ; Stuck at GND due to stuck port data_in      ;
; cpu:u_cpu|ram:u_ram|mem~1079             ; Stuck at GND due to stuck port data_in      ;
; cpu:u_cpu|ram:u_ram|mem~1103             ; Stuck at GND due to stuck port data_in      ;
; cpu:u_cpu|ram:u_ram|mem~1095             ; Stuck at GND due to stuck port data_in      ;
; cpu:u_cpu|ram:u_ram|mem~1119             ; Stuck at GND due to stuck port data_in      ;
; cpu:u_cpu|ram:u_ram|mem~1111             ; Stuck at GND due to stuck port data_in      ;
; cpu:u_cpu|ram:u_ram|mem~1135             ; Stuck at GND due to stuck port data_in      ;
; cpu:u_cpu|ram:u_ram|mem~1127             ; Stuck at GND due to stuck port data_in      ;
; cpu:u_cpu|ram:u_ram|mem~1151             ; Stuck at GND due to stuck port data_in      ;
; cpu:u_cpu|ram:u_ram|mem~1143             ; Stuck at GND due to stuck port data_in      ;
; cpu:u_cpu|ram:u_ram|mem~1167             ; Stuck at GND due to stuck port data_in      ;
; cpu:u_cpu|ram:u_ram|mem~1159             ; Stuck at GND due to stuck port data_in      ;
; cpu:u_cpu|ram:u_ram|mem~1183             ; Stuck at GND due to stuck port data_in      ;
; cpu:u_cpu|ram:u_ram|mem~1175             ; Stuck at GND due to stuck port data_in      ;
; cpu:u_cpu|ram:u_ram|mem~1199             ; Stuck at GND due to stuck port data_in      ;
; cpu:u_cpu|ram:u_ram|mem~1191             ; Stuck at GND due to stuck port data_in      ;
; cpu:u_cpu|ram:u_ram|mem~1215             ; Stuck at GND due to stuck port data_in      ;
; cpu:u_cpu|ram:u_ram|mem~1207             ; Stuck at GND due to stuck port data_in      ;
; cpu:u_cpu|ram:u_ram|mem~1231             ; Stuck at GND due to stuck port data_in      ;
; cpu:u_cpu|ram:u_ram|mem~1223             ; Stuck at GND due to stuck port data_in      ;
; cpu:u_cpu|ram:u_ram|mem~1247             ; Stuck at GND due to stuck port data_in      ;
; cpu:u_cpu|ram:u_ram|mem~1239             ; Stuck at GND due to stuck port data_in      ;
; cpu:u_cpu|ram:u_ram|mem~1263             ; Stuck at GND due to stuck port data_in      ;
; cpu:u_cpu|ram:u_ram|mem~1255             ; Stuck at GND due to stuck port data_in      ;
; cpu:u_cpu|ram:u_ram|mem~1279             ; Stuck at GND due to stuck port data_in      ;
; cpu:u_cpu|ram:u_ram|mem~1271             ; Stuck at GND due to stuck port data_in      ;
; cpu:u_cpu|ram:u_ram|mem~1295             ; Stuck at GND due to stuck port data_in      ;
; cpu:u_cpu|ram:u_ram|mem~1287             ; Stuck at GND due to stuck port data_in      ;
; cpu:u_cpu|ram:u_ram|mem~1311             ; Stuck at GND due to stuck port data_in      ;
; cpu:u_cpu|ram:u_ram|mem~1303             ; Stuck at GND due to stuck port data_in      ;
; cpu:u_cpu|ram:u_ram|mem~1327             ; Stuck at GND due to stuck port data_in      ;
; cpu:u_cpu|ram:u_ram|mem~1319             ; Stuck at GND due to stuck port data_in      ;
; cpu:u_cpu|ram:u_ram|mem~1343             ; Stuck at GND due to stuck port data_in      ;
; cpu:u_cpu|ram:u_ram|mem~1335             ; Stuck at GND due to stuck port data_in      ;
; cpu:u_cpu|ram:u_ram|mem~1359             ; Stuck at GND due to stuck port data_in      ;
; cpu:u_cpu|ram:u_ram|mem~1351             ; Stuck at GND due to stuck port data_in      ;
; cpu:u_cpu|ram:u_ram|mem~1375             ; Stuck at GND due to stuck port data_in      ;
; cpu:u_cpu|ram:u_ram|mem~1367             ; Stuck at GND due to stuck port data_in      ;
; cpu:u_cpu|ram:u_ram|mem~1391             ; Stuck at GND due to stuck port data_in      ;
; cpu:u_cpu|ram:u_ram|mem~1383             ; Stuck at GND due to stuck port data_in      ;
; cpu:u_cpu|ram:u_ram|mem~1407             ; Stuck at GND due to stuck port data_in      ;
; cpu:u_cpu|ram:u_ram|mem~1399             ; Stuck at GND due to stuck port data_in      ;
; cpu:u_cpu|ram:u_ram|mem~1423             ; Stuck at GND due to stuck port data_in      ;
; cpu:u_cpu|ram:u_ram|mem~1415             ; Stuck at GND due to stuck port data_in      ;
; cpu:u_cpu|ram:u_ram|mem~1439             ; Stuck at GND due to stuck port data_in      ;
; cpu:u_cpu|ram:u_ram|mem~1431             ; Stuck at GND due to stuck port data_in      ;
; cpu:u_cpu|ram:u_ram|mem~1455             ; Stuck at GND due to stuck port data_in      ;
; cpu:u_cpu|ram:u_ram|mem~1447             ; Stuck at GND due to stuck port data_in      ;
; cpu:u_cpu|ram:u_ram|mem~1471             ; Stuck at GND due to stuck port data_in      ;
; cpu:u_cpu|ram:u_ram|mem~1463             ; Stuck at GND due to stuck port data_in      ;
; cpu:u_cpu|ram:u_ram|mem~1487             ; Stuck at GND due to stuck port data_in      ;
; cpu:u_cpu|ram:u_ram|mem~1479             ; Stuck at GND due to stuck port data_in      ;
; cpu:u_cpu|ram:u_ram|mem~1503             ; Stuck at GND due to stuck port data_in      ;
; cpu:u_cpu|ram:u_ram|mem~1495             ; Stuck at GND due to stuck port data_in      ;
; cpu:u_cpu|ram:u_ram|mem~1519             ; Stuck at GND due to stuck port data_in      ;
; cpu:u_cpu|ram:u_ram|mem~1511             ; Stuck at GND due to stuck port data_in      ;
; cpu:u_cpu|ram:u_ram|mem~1535             ; Stuck at GND due to stuck port data_in      ;
; cpu:u_cpu|ram:u_ram|mem~1527             ; Stuck at GND due to stuck port data_in      ;
; cpu:u_cpu|ram:u_ram|mem~1551             ; Stuck at GND due to stuck port data_in      ;
; cpu:u_cpu|ram:u_ram|mem~1543             ; Stuck at GND due to stuck port data_in      ;
; cpu:u_cpu|ram:u_ram|mem~1567             ; Stuck at GND due to stuck port data_in      ;
; cpu:u_cpu|ram:u_ram|mem~1559             ; Stuck at GND due to stuck port data_in      ;
; cpu:u_cpu|ram:u_ram|mem~1583             ; Stuck at GND due to stuck port data_in      ;
; cpu:u_cpu|ram:u_ram|mem~1575             ; Stuck at GND due to stuck port data_in      ;
; cpu:u_cpu|ram:u_ram|mem~1599             ; Stuck at GND due to stuck port data_in      ;
; cpu:u_cpu|ram:u_ram|mem~1591             ; Stuck at GND due to stuck port data_in      ;
; cpu:u_cpu|ram:u_ram|mem~1615             ; Stuck at GND due to stuck port data_in      ;
; cpu:u_cpu|ram:u_ram|mem~1607             ; Stuck at GND due to stuck port data_in      ;
; cpu:u_cpu|ram:u_ram|mem~1631             ; Stuck at GND due to stuck port data_in      ;
; cpu:u_cpu|ram:u_ram|mem~1623             ; Stuck at GND due to stuck port data_in      ;
; cpu:u_cpu|ram:u_ram|mem~1647             ; Stuck at GND due to stuck port data_in      ;
; cpu:u_cpu|ram:u_ram|mem~1639             ; Stuck at GND due to stuck port data_in      ;
; cpu:u_cpu|ram:u_ram|mem~1663             ; Stuck at GND due to stuck port data_in      ;
; cpu:u_cpu|ram:u_ram|mem~1655             ; Stuck at GND due to stuck port data_in      ;
; cpu:u_cpu|ram:u_ram|mem~1679             ; Stuck at GND due to stuck port data_in      ;
; cpu:u_cpu|ram:u_ram|mem~1671             ; Stuck at GND due to stuck port data_in      ;
; cpu:u_cpu|ram:u_ram|mem~1695             ; Stuck at GND due to stuck port data_in      ;
; cpu:u_cpu|ram:u_ram|mem~1687             ; Stuck at GND due to stuck port data_in      ;
; cpu:u_cpu|ram:u_ram|mem~1711             ; Stuck at GND due to stuck port data_in      ;
; cpu:u_cpu|ram:u_ram|mem~1703             ; Stuck at GND due to stuck port data_in      ;
; cpu:u_cpu|ram:u_ram|mem~1727             ; Stuck at GND due to stuck port data_in      ;
; cpu:u_cpu|ram:u_ram|mem~1719             ; Stuck at GND due to stuck port data_in      ;
; cpu:u_cpu|ram:u_ram|mem~1743             ; Stuck at GND due to stuck port data_in      ;
; cpu:u_cpu|ram:u_ram|mem~1735             ; Stuck at GND due to stuck port data_in      ;
; cpu:u_cpu|ram:u_ram|mem~1759             ; Stuck at GND due to stuck port data_in      ;
; cpu:u_cpu|ram:u_ram|mem~1751             ; Stuck at GND due to stuck port data_in      ;
; cpu:u_cpu|ram:u_ram|mem~1775             ; Stuck at GND due to stuck port data_in      ;
; cpu:u_cpu|ram:u_ram|mem~1767             ; Stuck at GND due to stuck port data_in      ;
; cpu:u_cpu|ram:u_ram|mem~1791             ; Stuck at GND due to stuck port data_in      ;
; cpu:u_cpu|ram:u_ram|mem~1783             ; Stuck at GND due to stuck port data_in      ;
; cpu:u_cpu|ram:u_ram|mem~1807             ; Stuck at GND due to stuck port data_in      ;
; cpu:u_cpu|ram:u_ram|mem~1799             ; Stuck at GND due to stuck port data_in      ;
; cpu:u_cpu|ram:u_ram|mem~1823             ; Stuck at GND due to stuck port data_in      ;
; cpu:u_cpu|ram:u_ram|mem~1815             ; Stuck at GND due to stuck port data_in      ;
; cpu:u_cpu|ram:u_ram|mem~1839             ; Stuck at GND due to stuck port data_in      ;
; cpu:u_cpu|ram:u_ram|mem~1831             ; Stuck at GND due to stuck port data_in      ;
; cpu:u_cpu|ram:u_ram|mem~1855             ; Stuck at GND due to stuck port data_in      ;
; cpu:u_cpu|ram:u_ram|mem~1847             ; Stuck at GND due to stuck port data_in      ;
; cpu:u_cpu|ram:u_ram|mem~1871             ; Stuck at GND due to stuck port data_in      ;
; cpu:u_cpu|ram:u_ram|mem~1863             ; Stuck at GND due to stuck port data_in      ;
; cpu:u_cpu|ram:u_ram|mem~1887             ; Stuck at GND due to stuck port data_in      ;
; cpu:u_cpu|ram:u_ram|mem~1879             ; Stuck at GND due to stuck port data_in      ;
; cpu:u_cpu|ram:u_ram|mem~1903             ; Stuck at GND due to stuck port data_in      ;
; cpu:u_cpu|ram:u_ram|mem~1895             ; Stuck at GND due to stuck port data_in      ;
; cpu:u_cpu|ram:u_ram|mem~1919             ; Stuck at GND due to stuck port data_in      ;
; cpu:u_cpu|ram:u_ram|mem~1911             ; Stuck at GND due to stuck port data_in      ;
; cpu:u_cpu|ram:u_ram|mem~1935             ; Stuck at GND due to stuck port data_in      ;
; cpu:u_cpu|ram:u_ram|mem~1927             ; Stuck at GND due to stuck port data_in      ;
; cpu:u_cpu|ram:u_ram|mem~1951             ; Stuck at GND due to stuck port data_in      ;
; cpu:u_cpu|ram:u_ram|mem~1943             ; Stuck at GND due to stuck port data_in      ;
; cpu:u_cpu|ram:u_ram|mem~1967             ; Stuck at GND due to stuck port data_in      ;
; cpu:u_cpu|ram:u_ram|mem~1959             ; Stuck at GND due to stuck port data_in      ;
; cpu:u_cpu|ram:u_ram|mem~1983             ; Stuck at GND due to stuck port data_in      ;
; cpu:u_cpu|ram:u_ram|mem~1975             ; Stuck at GND due to stuck port data_in      ;
; cpu:u_cpu|ram:u_ram|mem~1999             ; Stuck at GND due to stuck port data_in      ;
; cpu:u_cpu|ram:u_ram|mem~1991             ; Stuck at GND due to stuck port data_in      ;
; cpu:u_cpu|ram:u_ram|mem~2015             ; Stuck at GND due to stuck port data_in      ;
; cpu:u_cpu|ram:u_ram|mem~2007             ; Stuck at GND due to stuck port data_in      ;
; cpu:u_cpu|ram:u_ram|mem~2031             ; Stuck at GND due to stuck port data_in      ;
; cpu:u_cpu|ram:u_ram|mem~2023             ; Stuck at GND due to stuck port data_in      ;
; cpu:u_cpu|ram:u_ram|mem~2047             ; Stuck at GND due to stuck port data_in      ;
; cpu:u_cpu|ram:u_ram|mem~2039             ; Stuck at GND due to stuck port data_in      ;
; cpu:u_cpu|ram:u_ram|mem~14               ; Stuck at GND due to stuck port data_in      ;
; cpu:u_cpu|ram:u_ram|mem~6                ; Stuck at GND due to stuck port data_in      ;
; cpu:u_cpu|ram:u_ram|mem~30               ; Stuck at GND due to stuck port data_in      ;
; cpu:u_cpu|ram:u_ram|mem~22               ; Stuck at GND due to stuck port data_in      ;
; cpu:u_cpu|ram:u_ram|mem~46               ; Stuck at GND due to stuck port data_in      ;
; cpu:u_cpu|ram:u_ram|mem~38               ; Stuck at GND due to stuck port data_in      ;
; cpu:u_cpu|ram:u_ram|mem~62               ; Stuck at GND due to stuck port data_in      ;
; cpu:u_cpu|ram:u_ram|mem~54               ; Stuck at GND due to stuck port data_in      ;
; cpu:u_cpu|ram:u_ram|mem~78               ; Stuck at GND due to stuck port data_in      ;
; cpu:u_cpu|ram:u_ram|mem~70               ; Stuck at GND due to stuck port data_in      ;
; cpu:u_cpu|ram:u_ram|mem~94               ; Stuck at GND due to stuck port data_in      ;
; cpu:u_cpu|ram:u_ram|mem~86               ; Stuck at GND due to stuck port data_in      ;
; cpu:u_cpu|ram:u_ram|mem~110              ; Stuck at GND due to stuck port data_in      ;
; cpu:u_cpu|ram:u_ram|mem~102              ; Stuck at GND due to stuck port data_in      ;
; cpu:u_cpu|ram:u_ram|mem~126              ; Stuck at GND due to stuck port data_in      ;
; cpu:u_cpu|ram:u_ram|mem~118              ; Stuck at GND due to stuck port data_in      ;
; cpu:u_cpu|ram:u_ram|mem~142              ; Stuck at GND due to stuck port data_in      ;
; cpu:u_cpu|ram:u_ram|mem~134              ; Stuck at GND due to stuck port data_in      ;
; cpu:u_cpu|ram:u_ram|mem~158              ; Stuck at GND due to stuck port data_in      ;
; cpu:u_cpu|ram:u_ram|mem~150              ; Stuck at GND due to stuck port data_in      ;
; cpu:u_cpu|ram:u_ram|mem~174              ; Stuck at GND due to stuck port data_in      ;
; cpu:u_cpu|ram:u_ram|mem~166              ; Stuck at GND due to stuck port data_in      ;
; cpu:u_cpu|ram:u_ram|mem~190              ; Stuck at GND due to stuck port data_in      ;
; cpu:u_cpu|ram:u_ram|mem~182              ; Stuck at GND due to stuck port data_in      ;
; cpu:u_cpu|ram:u_ram|mem~206              ; Stuck at GND due to stuck port data_in      ;
; cpu:u_cpu|ram:u_ram|mem~198              ; Stuck at GND due to stuck port data_in      ;
; cpu:u_cpu|ram:u_ram|mem~222              ; Stuck at GND due to stuck port data_in      ;
; cpu:u_cpu|ram:u_ram|mem~214              ; Stuck at GND due to stuck port data_in      ;
; cpu:u_cpu|ram:u_ram|mem~238              ; Stuck at GND due to stuck port data_in      ;
; cpu:u_cpu|ram:u_ram|mem~230              ; Stuck at GND due to stuck port data_in      ;
; cpu:u_cpu|ram:u_ram|mem~254              ; Stuck at GND due to stuck port data_in      ;
; cpu:u_cpu|ram:u_ram|mem~246              ; Stuck at GND due to stuck port data_in      ;
; cpu:u_cpu|ram:u_ram|mem~270              ; Stuck at GND due to stuck port data_in      ;
; cpu:u_cpu|ram:u_ram|mem~262              ; Stuck at GND due to stuck port data_in      ;
; cpu:u_cpu|ram:u_ram|mem~286              ; Stuck at GND due to stuck port data_in      ;
; cpu:u_cpu|ram:u_ram|mem~278              ; Stuck at GND due to stuck port data_in      ;
; cpu:u_cpu|ram:u_ram|mem~302              ; Stuck at GND due to stuck port data_in      ;
; cpu:u_cpu|ram:u_ram|mem~294              ; Stuck at GND due to stuck port data_in      ;
; cpu:u_cpu|ram:u_ram|mem~318              ; Stuck at GND due to stuck port data_in      ;
; cpu:u_cpu|ram:u_ram|mem~310              ; Stuck at GND due to stuck port data_in      ;
; cpu:u_cpu|ram:u_ram|mem~334              ; Stuck at GND due to stuck port data_in      ;
; cpu:u_cpu|ram:u_ram|mem~326              ; Stuck at GND due to stuck port data_in      ;
; cpu:u_cpu|ram:u_ram|mem~350              ; Stuck at GND due to stuck port data_in      ;
; cpu:u_cpu|ram:u_ram|mem~342              ; Stuck at GND due to stuck port data_in      ;
; cpu:u_cpu|ram:u_ram|mem~366              ; Stuck at GND due to stuck port data_in      ;
; cpu:u_cpu|ram:u_ram|mem~358              ; Stuck at GND due to stuck port data_in      ;
; cpu:u_cpu|ram:u_ram|mem~382              ; Stuck at GND due to stuck port data_in      ;
; cpu:u_cpu|ram:u_ram|mem~374              ; Stuck at GND due to stuck port data_in      ;
; cpu:u_cpu|ram:u_ram|mem~398              ; Stuck at GND due to stuck port data_in      ;
; cpu:u_cpu|ram:u_ram|mem~390              ; Stuck at GND due to stuck port data_in      ;
; cpu:u_cpu|ram:u_ram|mem~414              ; Stuck at GND due to stuck port data_in      ;
; cpu:u_cpu|ram:u_ram|mem~406              ; Stuck at GND due to stuck port data_in      ;
; cpu:u_cpu|ram:u_ram|mem~430              ; Stuck at GND due to stuck port data_in      ;
; cpu:u_cpu|ram:u_ram|mem~422              ; Stuck at GND due to stuck port data_in      ;
; cpu:u_cpu|ram:u_ram|mem~446              ; Stuck at GND due to stuck port data_in      ;
; cpu:u_cpu|ram:u_ram|mem~438              ; Stuck at GND due to stuck port data_in      ;
; cpu:u_cpu|ram:u_ram|mem~462              ; Stuck at GND due to stuck port data_in      ;
; cpu:u_cpu|ram:u_ram|mem~454              ; Stuck at GND due to stuck port data_in      ;
; cpu:u_cpu|ram:u_ram|mem~478              ; Stuck at GND due to stuck port data_in      ;
; cpu:u_cpu|ram:u_ram|mem~470              ; Stuck at GND due to stuck port data_in      ;
; cpu:u_cpu|ram:u_ram|mem~494              ; Stuck at GND due to stuck port data_in      ;
; cpu:u_cpu|ram:u_ram|mem~486              ; Stuck at GND due to stuck port data_in      ;
; cpu:u_cpu|ram:u_ram|mem~510              ; Stuck at GND due to stuck port data_in      ;
; cpu:u_cpu|ram:u_ram|mem~502              ; Stuck at GND due to stuck port data_in      ;
; cpu:u_cpu|ram:u_ram|mem~526              ; Stuck at GND due to stuck port data_in      ;
; cpu:u_cpu|ram:u_ram|mem~518              ; Stuck at GND due to stuck port data_in      ;
; cpu:u_cpu|ram:u_ram|mem~542              ; Stuck at GND due to stuck port data_in      ;
; cpu:u_cpu|ram:u_ram|mem~534              ; Stuck at GND due to stuck port data_in      ;
; cpu:u_cpu|ram:u_ram|mem~558              ; Stuck at GND due to stuck port data_in      ;
; cpu:u_cpu|ram:u_ram|mem~550              ; Stuck at GND due to stuck port data_in      ;
; cpu:u_cpu|ram:u_ram|mem~574              ; Stuck at GND due to stuck port data_in      ;
; cpu:u_cpu|ram:u_ram|mem~566              ; Stuck at GND due to stuck port data_in      ;
; cpu:u_cpu|ram:u_ram|mem~590              ; Stuck at GND due to stuck port data_in      ;
; cpu:u_cpu|ram:u_ram|mem~582              ; Stuck at GND due to stuck port data_in      ;
; cpu:u_cpu|ram:u_ram|mem~606              ; Stuck at GND due to stuck port data_in      ;
; cpu:u_cpu|ram:u_ram|mem~598              ; Stuck at GND due to stuck port data_in      ;
; cpu:u_cpu|ram:u_ram|mem~622              ; Stuck at GND due to stuck port data_in      ;
; cpu:u_cpu|ram:u_ram|mem~614              ; Stuck at GND due to stuck port data_in      ;
; cpu:u_cpu|ram:u_ram|mem~638              ; Stuck at GND due to stuck port data_in      ;
; cpu:u_cpu|ram:u_ram|mem~630              ; Stuck at GND due to stuck port data_in      ;
; cpu:u_cpu|ram:u_ram|mem~654              ; Stuck at GND due to stuck port data_in      ;
; cpu:u_cpu|ram:u_ram|mem~646              ; Stuck at GND due to stuck port data_in      ;
; cpu:u_cpu|ram:u_ram|mem~670              ; Stuck at GND due to stuck port data_in      ;
; cpu:u_cpu|ram:u_ram|mem~662              ; Stuck at GND due to stuck port data_in      ;
; cpu:u_cpu|ram:u_ram|mem~686              ; Stuck at GND due to stuck port data_in      ;
; cpu:u_cpu|ram:u_ram|mem~678              ; Stuck at GND due to stuck port data_in      ;
; cpu:u_cpu|ram:u_ram|mem~702              ; Stuck at GND due to stuck port data_in      ;
; cpu:u_cpu|ram:u_ram|mem~694              ; Stuck at GND due to stuck port data_in      ;
; cpu:u_cpu|ram:u_ram|mem~718              ; Stuck at GND due to stuck port data_in      ;
; cpu:u_cpu|ram:u_ram|mem~710              ; Stuck at GND due to stuck port data_in      ;
; cpu:u_cpu|ram:u_ram|mem~734              ; Stuck at GND due to stuck port data_in      ;
; cpu:u_cpu|ram:u_ram|mem~726              ; Stuck at GND due to stuck port data_in      ;
; cpu:u_cpu|ram:u_ram|mem~750              ; Stuck at GND due to stuck port data_in      ;
; cpu:u_cpu|ram:u_ram|mem~742              ; Stuck at GND due to stuck port data_in      ;
; cpu:u_cpu|ram:u_ram|mem~766              ; Stuck at GND due to stuck port data_in      ;
; cpu:u_cpu|ram:u_ram|mem~758              ; Stuck at GND due to stuck port data_in      ;
; cpu:u_cpu|ram:u_ram|mem~782              ; Stuck at GND due to stuck port data_in      ;
; cpu:u_cpu|ram:u_ram|mem~774              ; Stuck at GND due to stuck port data_in      ;
; cpu:u_cpu|ram:u_ram|mem~798              ; Stuck at GND due to stuck port data_in      ;
; cpu:u_cpu|ram:u_ram|mem~790              ; Stuck at GND due to stuck port data_in      ;
; cpu:u_cpu|ram:u_ram|mem~814              ; Stuck at GND due to stuck port data_in      ;
; cpu:u_cpu|ram:u_ram|mem~806              ; Stuck at GND due to stuck port data_in      ;
; cpu:u_cpu|ram:u_ram|mem~830              ; Stuck at GND due to stuck port data_in      ;
; cpu:u_cpu|ram:u_ram|mem~822              ; Stuck at GND due to stuck port data_in      ;
; cpu:u_cpu|ram:u_ram|mem~846              ; Stuck at GND due to stuck port data_in      ;
; cpu:u_cpu|ram:u_ram|mem~838              ; Stuck at GND due to stuck port data_in      ;
; cpu:u_cpu|ram:u_ram|mem~862              ; Stuck at GND due to stuck port data_in      ;
; cpu:u_cpu|ram:u_ram|mem~854              ; Stuck at GND due to stuck port data_in      ;
; cpu:u_cpu|ram:u_ram|mem~878              ; Stuck at GND due to stuck port data_in      ;
; cpu:u_cpu|ram:u_ram|mem~870              ; Stuck at GND due to stuck port data_in      ;
; cpu:u_cpu|ram:u_ram|mem~894              ; Stuck at GND due to stuck port data_in      ;
; cpu:u_cpu|ram:u_ram|mem~886              ; Stuck at GND due to stuck port data_in      ;
; cpu:u_cpu|ram:u_ram|mem~910              ; Stuck at GND due to stuck port data_in      ;
; cpu:u_cpu|ram:u_ram|mem~902              ; Stuck at GND due to stuck port data_in      ;
; cpu:u_cpu|ram:u_ram|mem~926              ; Stuck at GND due to stuck port data_in      ;
; cpu:u_cpu|ram:u_ram|mem~918              ; Stuck at GND due to stuck port data_in      ;
; cpu:u_cpu|ram:u_ram|mem~942              ; Stuck at GND due to stuck port data_in      ;
; cpu:u_cpu|ram:u_ram|mem~934              ; Stuck at GND due to stuck port data_in      ;
; cpu:u_cpu|ram:u_ram|mem~958              ; Stuck at GND due to stuck port data_in      ;
; cpu:u_cpu|ram:u_ram|mem~950              ; Stuck at GND due to stuck port data_in      ;
; cpu:u_cpu|ram:u_ram|mem~974              ; Stuck at GND due to stuck port data_in      ;
; cpu:u_cpu|ram:u_ram|mem~966              ; Stuck at GND due to stuck port data_in      ;
; cpu:u_cpu|ram:u_ram|mem~990              ; Stuck at GND due to stuck port data_in      ;
; cpu:u_cpu|ram:u_ram|mem~982              ; Stuck at GND due to stuck port data_in      ;
; cpu:u_cpu|ram:u_ram|mem~1006             ; Stuck at GND due to stuck port data_in      ;
; cpu:u_cpu|ram:u_ram|mem~998              ; Stuck at GND due to stuck port data_in      ;
; cpu:u_cpu|ram:u_ram|mem~1022             ; Stuck at GND due to stuck port data_in      ;
; cpu:u_cpu|ram:u_ram|mem~1014             ; Stuck at GND due to stuck port data_in      ;
; cpu:u_cpu|ram:u_ram|mem~1038             ; Stuck at GND due to stuck port data_in      ;
; cpu:u_cpu|ram:u_ram|mem~1030             ; Stuck at GND due to stuck port data_in      ;
; cpu:u_cpu|ram:u_ram|mem~1054             ; Stuck at GND due to stuck port data_in      ;
; cpu:u_cpu|ram:u_ram|mem~1046             ; Stuck at GND due to stuck port data_in      ;
; cpu:u_cpu|ram:u_ram|mem~1070             ; Stuck at GND due to stuck port data_in      ;
; cpu:u_cpu|ram:u_ram|mem~1062             ; Stuck at GND due to stuck port data_in      ;
; cpu:u_cpu|ram:u_ram|mem~1086             ; Stuck at GND due to stuck port data_in      ;
; cpu:u_cpu|ram:u_ram|mem~1078             ; Stuck at GND due to stuck port data_in      ;
; cpu:u_cpu|ram:u_ram|mem~1102             ; Stuck at GND due to stuck port data_in      ;
; cpu:u_cpu|ram:u_ram|mem~1094             ; Stuck at GND due to stuck port data_in      ;
; cpu:u_cpu|ram:u_ram|mem~1118             ; Stuck at GND due to stuck port data_in      ;
; cpu:u_cpu|ram:u_ram|mem~1110             ; Stuck at GND due to stuck port data_in      ;
; cpu:u_cpu|ram:u_ram|mem~1134             ; Stuck at GND due to stuck port data_in      ;
; cpu:u_cpu|ram:u_ram|mem~1126             ; Stuck at GND due to stuck port data_in      ;
; cpu:u_cpu|ram:u_ram|mem~1150             ; Stuck at GND due to stuck port data_in      ;
; cpu:u_cpu|ram:u_ram|mem~1142             ; Stuck at GND due to stuck port data_in      ;
; cpu:u_cpu|ram:u_ram|mem~1166             ; Stuck at GND due to stuck port data_in      ;
; cpu:u_cpu|ram:u_ram|mem~1158             ; Stuck at GND due to stuck port data_in      ;
; cpu:u_cpu|ram:u_ram|mem~1182             ; Stuck at GND due to stuck port data_in      ;
; cpu:u_cpu|ram:u_ram|mem~1174             ; Stuck at GND due to stuck port data_in      ;
; cpu:u_cpu|ram:u_ram|mem~1198             ; Stuck at GND due to stuck port data_in      ;
; cpu:u_cpu|ram:u_ram|mem~1190             ; Stuck at GND due to stuck port data_in      ;
; cpu:u_cpu|ram:u_ram|mem~1214             ; Stuck at GND due to stuck port data_in      ;
; cpu:u_cpu|ram:u_ram|mem~1206             ; Stuck at GND due to stuck port data_in      ;
; cpu:u_cpu|ram:u_ram|mem~1230             ; Stuck at GND due to stuck port data_in      ;
; cpu:u_cpu|ram:u_ram|mem~1222             ; Stuck at GND due to stuck port data_in      ;
; cpu:u_cpu|ram:u_ram|mem~1246             ; Stuck at GND due to stuck port data_in      ;
; cpu:u_cpu|ram:u_ram|mem~1238             ; Stuck at GND due to stuck port data_in      ;
; cpu:u_cpu|ram:u_ram|mem~1262             ; Stuck at GND due to stuck port data_in      ;
; cpu:u_cpu|ram:u_ram|mem~1254             ; Stuck at GND due to stuck port data_in      ;
; cpu:u_cpu|ram:u_ram|mem~1278             ; Stuck at GND due to stuck port data_in      ;
; cpu:u_cpu|ram:u_ram|mem~1270             ; Stuck at GND due to stuck port data_in      ;
; cpu:u_cpu|ram:u_ram|mem~1294             ; Stuck at GND due to stuck port data_in      ;
; cpu:u_cpu|ram:u_ram|mem~1286             ; Stuck at GND due to stuck port data_in      ;
; cpu:u_cpu|ram:u_ram|mem~1310             ; Stuck at GND due to stuck port data_in      ;
; cpu:u_cpu|ram:u_ram|mem~1302             ; Stuck at GND due to stuck port data_in      ;
; cpu:u_cpu|ram:u_ram|mem~1326             ; Stuck at GND due to stuck port data_in      ;
; cpu:u_cpu|ram:u_ram|mem~1318             ; Stuck at GND due to stuck port data_in      ;
; cpu:u_cpu|ram:u_ram|mem~1342             ; Stuck at GND due to stuck port data_in      ;
; cpu:u_cpu|ram:u_ram|mem~1334             ; Stuck at GND due to stuck port data_in      ;
; cpu:u_cpu|ram:u_ram|mem~1358             ; Stuck at GND due to stuck port data_in      ;
; cpu:u_cpu|ram:u_ram|mem~1350             ; Stuck at GND due to stuck port data_in      ;
; cpu:u_cpu|ram:u_ram|mem~1374             ; Stuck at GND due to stuck port data_in      ;
; cpu:u_cpu|ram:u_ram|mem~1366             ; Stuck at GND due to stuck port data_in      ;
; cpu:u_cpu|ram:u_ram|mem~1390             ; Stuck at GND due to stuck port data_in      ;
; cpu:u_cpu|ram:u_ram|mem~1382             ; Stuck at GND due to stuck port data_in      ;
; cpu:u_cpu|ram:u_ram|mem~1406             ; Stuck at GND due to stuck port data_in      ;
; cpu:u_cpu|ram:u_ram|mem~1398             ; Stuck at GND due to stuck port data_in      ;
; cpu:u_cpu|ram:u_ram|mem~1422             ; Stuck at GND due to stuck port data_in      ;
; cpu:u_cpu|ram:u_ram|mem~1414             ; Stuck at GND due to stuck port data_in      ;
; cpu:u_cpu|ram:u_ram|mem~1438             ; Stuck at GND due to stuck port data_in      ;
; cpu:u_cpu|ram:u_ram|mem~1430             ; Stuck at GND due to stuck port data_in      ;
; cpu:u_cpu|ram:u_ram|mem~1454             ; Stuck at GND due to stuck port data_in      ;
; cpu:u_cpu|ram:u_ram|mem~1446             ; Stuck at GND due to stuck port data_in      ;
; cpu:u_cpu|ram:u_ram|mem~1470             ; Stuck at GND due to stuck port data_in      ;
; cpu:u_cpu|ram:u_ram|mem~1462             ; Stuck at GND due to stuck port data_in      ;
; cpu:u_cpu|ram:u_ram|mem~1486             ; Stuck at GND due to stuck port data_in      ;
; cpu:u_cpu|ram:u_ram|mem~1478             ; Stuck at GND due to stuck port data_in      ;
; cpu:u_cpu|ram:u_ram|mem~1502             ; Stuck at GND due to stuck port data_in      ;
; cpu:u_cpu|ram:u_ram|mem~1494             ; Stuck at GND due to stuck port data_in      ;
; cpu:u_cpu|ram:u_ram|mem~1518             ; Stuck at GND due to stuck port data_in      ;
; cpu:u_cpu|ram:u_ram|mem~1510             ; Stuck at GND due to stuck port data_in      ;
; cpu:u_cpu|ram:u_ram|mem~1534             ; Stuck at GND due to stuck port data_in      ;
; cpu:u_cpu|ram:u_ram|mem~1526             ; Stuck at GND due to stuck port data_in      ;
; cpu:u_cpu|ram:u_ram|mem~1550             ; Stuck at GND due to stuck port data_in      ;
; cpu:u_cpu|ram:u_ram|mem~1542             ; Stuck at GND due to stuck port data_in      ;
; cpu:u_cpu|ram:u_ram|mem~1566             ; Stuck at GND due to stuck port data_in      ;
; cpu:u_cpu|ram:u_ram|mem~1558             ; Stuck at GND due to stuck port data_in      ;
; cpu:u_cpu|ram:u_ram|mem~1582             ; Stuck at GND due to stuck port data_in      ;
; cpu:u_cpu|ram:u_ram|mem~1574             ; Stuck at GND due to stuck port data_in      ;
; cpu:u_cpu|ram:u_ram|mem~1598             ; Stuck at GND due to stuck port data_in      ;
; cpu:u_cpu|ram:u_ram|mem~1590             ; Stuck at GND due to stuck port data_in      ;
; cpu:u_cpu|ram:u_ram|mem~1614             ; Stuck at GND due to stuck port data_in      ;
; cpu:u_cpu|ram:u_ram|mem~1606             ; Stuck at GND due to stuck port data_in      ;
; cpu:u_cpu|ram:u_ram|mem~1630             ; Stuck at GND due to stuck port data_in      ;
; cpu:u_cpu|ram:u_ram|mem~1622             ; Stuck at GND due to stuck port data_in      ;
; cpu:u_cpu|ram:u_ram|mem~1646             ; Stuck at GND due to stuck port data_in      ;
; cpu:u_cpu|ram:u_ram|mem~1638             ; Stuck at GND due to stuck port data_in      ;
; cpu:u_cpu|ram:u_ram|mem~1662             ; Stuck at GND due to stuck port data_in      ;
; cpu:u_cpu|ram:u_ram|mem~1654             ; Stuck at GND due to stuck port data_in      ;
; cpu:u_cpu|ram:u_ram|mem~1678             ; Stuck at GND due to stuck port data_in      ;
; cpu:u_cpu|ram:u_ram|mem~1670             ; Stuck at GND due to stuck port data_in      ;
; cpu:u_cpu|ram:u_ram|mem~1694             ; Stuck at GND due to stuck port data_in      ;
; cpu:u_cpu|ram:u_ram|mem~1686             ; Stuck at GND due to stuck port data_in      ;
; cpu:u_cpu|ram:u_ram|mem~1710             ; Stuck at GND due to stuck port data_in      ;
; cpu:u_cpu|ram:u_ram|mem~1702             ; Stuck at GND due to stuck port data_in      ;
; cpu:u_cpu|ram:u_ram|mem~1726             ; Stuck at GND due to stuck port data_in      ;
; cpu:u_cpu|ram:u_ram|mem~1718             ; Stuck at GND due to stuck port data_in      ;
; cpu:u_cpu|ram:u_ram|mem~1742             ; Stuck at GND due to stuck port data_in      ;
; cpu:u_cpu|ram:u_ram|mem~1734             ; Stuck at GND due to stuck port data_in      ;
; cpu:u_cpu|ram:u_ram|mem~1758             ; Stuck at GND due to stuck port data_in      ;
; cpu:u_cpu|ram:u_ram|mem~1750             ; Stuck at GND due to stuck port data_in      ;
; cpu:u_cpu|ram:u_ram|mem~1774             ; Stuck at GND due to stuck port data_in      ;
; cpu:u_cpu|ram:u_ram|mem~1766             ; Stuck at GND due to stuck port data_in      ;
; cpu:u_cpu|ram:u_ram|mem~1790             ; Stuck at GND due to stuck port data_in      ;
; cpu:u_cpu|ram:u_ram|mem~1782             ; Stuck at GND due to stuck port data_in      ;
; cpu:u_cpu|ram:u_ram|mem~1806             ; Stuck at GND due to stuck port data_in      ;
; cpu:u_cpu|ram:u_ram|mem~1798             ; Stuck at GND due to stuck port data_in      ;
; cpu:u_cpu|ram:u_ram|mem~1822             ; Stuck at GND due to stuck port data_in      ;
; cpu:u_cpu|ram:u_ram|mem~1814             ; Stuck at GND due to stuck port data_in      ;
; cpu:u_cpu|ram:u_ram|mem~1838             ; Stuck at GND due to stuck port data_in      ;
; cpu:u_cpu|ram:u_ram|mem~1830             ; Stuck at GND due to stuck port data_in      ;
; cpu:u_cpu|ram:u_ram|mem~1854             ; Stuck at GND due to stuck port data_in      ;
; cpu:u_cpu|ram:u_ram|mem~1846             ; Stuck at GND due to stuck port data_in      ;
; cpu:u_cpu|ram:u_ram|mem~1870             ; Stuck at GND due to stuck port data_in      ;
; cpu:u_cpu|ram:u_ram|mem~1862             ; Stuck at GND due to stuck port data_in      ;
; cpu:u_cpu|ram:u_ram|mem~1886             ; Stuck at GND due to stuck port data_in      ;
; cpu:u_cpu|ram:u_ram|mem~1878             ; Stuck at GND due to stuck port data_in      ;
; cpu:u_cpu|ram:u_ram|mem~1902             ; Stuck at GND due to stuck port data_in      ;
; cpu:u_cpu|ram:u_ram|mem~1894             ; Stuck at GND due to stuck port data_in      ;
; cpu:u_cpu|ram:u_ram|mem~1918             ; Stuck at GND due to stuck port data_in      ;
; cpu:u_cpu|ram:u_ram|mem~1910             ; Stuck at GND due to stuck port data_in      ;
; cpu:u_cpu|ram:u_ram|mem~1934             ; Stuck at GND due to stuck port data_in      ;
; cpu:u_cpu|ram:u_ram|mem~1926             ; Stuck at GND due to stuck port data_in      ;
; cpu:u_cpu|ram:u_ram|mem~1950             ; Stuck at GND due to stuck port data_in      ;
; cpu:u_cpu|ram:u_ram|mem~1942             ; Stuck at GND due to stuck port data_in      ;
; cpu:u_cpu|ram:u_ram|mem~1966             ; Stuck at GND due to stuck port data_in      ;
; cpu:u_cpu|ram:u_ram|mem~1958             ; Stuck at GND due to stuck port data_in      ;
; cpu:u_cpu|ram:u_ram|mem~1982             ; Stuck at GND due to stuck port data_in      ;
; cpu:u_cpu|ram:u_ram|mem~1974             ; Stuck at GND due to stuck port data_in      ;
; cpu:u_cpu|ram:u_ram|mem~1998             ; Stuck at GND due to stuck port data_in      ;
; cpu:u_cpu|ram:u_ram|mem~1990             ; Stuck at GND due to stuck port data_in      ;
; cpu:u_cpu|ram:u_ram|mem~2014             ; Stuck at GND due to stuck port data_in      ;
; cpu:u_cpu|ram:u_ram|mem~2006             ; Stuck at GND due to stuck port data_in      ;
; cpu:u_cpu|ram:u_ram|mem~2030             ; Stuck at GND due to stuck port data_in      ;
; cpu:u_cpu|ram:u_ram|mem~2022             ; Stuck at GND due to stuck port data_in      ;
; cpu:u_cpu|ram:u_ram|mem~2046             ; Stuck at GND due to stuck port data_in      ;
; cpu:u_cpu|ram:u_ram|mem~2038             ; Stuck at GND due to stuck port data_in      ;
; cpu:u_cpu|ram:u_ram|mem~13               ; Stuck at GND due to stuck port data_in      ;
; cpu:u_cpu|ram:u_ram|mem~5                ; Stuck at GND due to stuck port data_in      ;
; cpu:u_cpu|ram:u_ram|mem~29               ; Stuck at GND due to stuck port data_in      ;
; cpu:u_cpu|ram:u_ram|mem~21               ; Stuck at GND due to stuck port data_in      ;
; cpu:u_cpu|ram:u_ram|mem~45               ; Stuck at GND due to stuck port data_in      ;
; cpu:u_cpu|ram:u_ram|mem~37               ; Stuck at GND due to stuck port data_in      ;
; cpu:u_cpu|ram:u_ram|mem~61               ; Stuck at GND due to stuck port data_in      ;
; cpu:u_cpu|ram:u_ram|mem~53               ; Stuck at GND due to stuck port data_in      ;
; cpu:u_cpu|ram:u_ram|mem~77               ; Stuck at GND due to stuck port data_in      ;
; cpu:u_cpu|ram:u_ram|mem~69               ; Stuck at GND due to stuck port data_in      ;
; cpu:u_cpu|ram:u_ram|mem~93               ; Stuck at GND due to stuck port data_in      ;
; cpu:u_cpu|ram:u_ram|mem~85               ; Stuck at GND due to stuck port data_in      ;
; cpu:u_cpu|ram:u_ram|mem~109              ; Stuck at GND due to stuck port data_in      ;
; cpu:u_cpu|ram:u_ram|mem~101              ; Stuck at GND due to stuck port data_in      ;
; cpu:u_cpu|ram:u_ram|mem~125              ; Stuck at GND due to stuck port data_in      ;
; cpu:u_cpu|ram:u_ram|mem~117              ; Stuck at GND due to stuck port data_in      ;
; cpu:u_cpu|ram:u_ram|mem~141              ; Stuck at GND due to stuck port data_in      ;
; cpu:u_cpu|ram:u_ram|mem~133              ; Stuck at GND due to stuck port data_in      ;
; cpu:u_cpu|ram:u_ram|mem~157              ; Stuck at GND due to stuck port data_in      ;
; cpu:u_cpu|ram:u_ram|mem~149              ; Stuck at GND due to stuck port data_in      ;
; cpu:u_cpu|ram:u_ram|mem~173              ; Stuck at GND due to stuck port data_in      ;
; cpu:u_cpu|ram:u_ram|mem~165              ; Stuck at GND due to stuck port data_in      ;
; cpu:u_cpu|ram:u_ram|mem~189              ; Stuck at GND due to stuck port data_in      ;
; cpu:u_cpu|ram:u_ram|mem~181              ; Stuck at GND due to stuck port data_in      ;
; cpu:u_cpu|ram:u_ram|mem~205              ; Stuck at GND due to stuck port data_in      ;
; cpu:u_cpu|ram:u_ram|mem~197              ; Stuck at GND due to stuck port data_in      ;
; cpu:u_cpu|ram:u_ram|mem~221              ; Stuck at GND due to stuck port data_in      ;
; cpu:u_cpu|ram:u_ram|mem~213              ; Stuck at GND due to stuck port data_in      ;
; cpu:u_cpu|ram:u_ram|mem~237              ; Stuck at GND due to stuck port data_in      ;
; cpu:u_cpu|ram:u_ram|mem~229              ; Stuck at GND due to stuck port data_in      ;
; cpu:u_cpu|ram:u_ram|mem~253              ; Stuck at GND due to stuck port data_in      ;
; cpu:u_cpu|ram:u_ram|mem~245              ; Stuck at GND due to stuck port data_in      ;
; cpu:u_cpu|ram:u_ram|mem~269              ; Stuck at GND due to stuck port data_in      ;
; cpu:u_cpu|ram:u_ram|mem~261              ; Stuck at GND due to stuck port data_in      ;
; cpu:u_cpu|ram:u_ram|mem~285              ; Stuck at GND due to stuck port data_in      ;
; cpu:u_cpu|ram:u_ram|mem~277              ; Stuck at GND due to stuck port data_in      ;
; cpu:u_cpu|ram:u_ram|mem~301              ; Stuck at GND due to stuck port data_in      ;
; cpu:u_cpu|ram:u_ram|mem~293              ; Stuck at GND due to stuck port data_in      ;
; cpu:u_cpu|ram:u_ram|mem~317              ; Stuck at GND due to stuck port data_in      ;
; cpu:u_cpu|ram:u_ram|mem~309              ; Stuck at GND due to stuck port data_in      ;
; cpu:u_cpu|ram:u_ram|mem~333              ; Stuck at GND due to stuck port data_in      ;
; cpu:u_cpu|ram:u_ram|mem~325              ; Stuck at GND due to stuck port data_in      ;
; cpu:u_cpu|ram:u_ram|mem~349              ; Stuck at GND due to stuck port data_in      ;
; cpu:u_cpu|ram:u_ram|mem~341              ; Stuck at GND due to stuck port data_in      ;
; cpu:u_cpu|ram:u_ram|mem~365              ; Stuck at GND due to stuck port data_in      ;
; cpu:u_cpu|ram:u_ram|mem~357              ; Stuck at GND due to stuck port data_in      ;
; cpu:u_cpu|ram:u_ram|mem~381              ; Stuck at GND due to stuck port data_in      ;
; cpu:u_cpu|ram:u_ram|mem~373              ; Stuck at GND due to stuck port data_in      ;
; cpu:u_cpu|ram:u_ram|mem~397              ; Stuck at GND due to stuck port data_in      ;
; cpu:u_cpu|ram:u_ram|mem~389              ; Stuck at GND due to stuck port data_in      ;
; cpu:u_cpu|ram:u_ram|mem~413              ; Stuck at GND due to stuck port data_in      ;
; cpu:u_cpu|ram:u_ram|mem~405              ; Stuck at GND due to stuck port data_in      ;
; cpu:u_cpu|ram:u_ram|mem~429              ; Stuck at GND due to stuck port data_in      ;
; cpu:u_cpu|ram:u_ram|mem~421              ; Stuck at GND due to stuck port data_in      ;
; cpu:u_cpu|ram:u_ram|mem~445              ; Stuck at GND due to stuck port data_in      ;
; cpu:u_cpu|ram:u_ram|mem~437              ; Stuck at GND due to stuck port data_in      ;
; cpu:u_cpu|ram:u_ram|mem~461              ; Stuck at GND due to stuck port data_in      ;
; cpu:u_cpu|ram:u_ram|mem~453              ; Stuck at GND due to stuck port data_in      ;
; cpu:u_cpu|ram:u_ram|mem~477              ; Stuck at GND due to stuck port data_in      ;
; cpu:u_cpu|ram:u_ram|mem~469              ; Stuck at GND due to stuck port data_in      ;
; cpu:u_cpu|ram:u_ram|mem~493              ; Stuck at GND due to stuck port data_in      ;
; cpu:u_cpu|ram:u_ram|mem~485              ; Stuck at GND due to stuck port data_in      ;
; cpu:u_cpu|ram:u_ram|mem~509              ; Stuck at GND due to stuck port data_in      ;
; cpu:u_cpu|ram:u_ram|mem~501              ; Stuck at GND due to stuck port data_in      ;
; cpu:u_cpu|ram:u_ram|mem~525              ; Stuck at GND due to stuck port data_in      ;
; cpu:u_cpu|ram:u_ram|mem~517              ; Stuck at GND due to stuck port data_in      ;
; cpu:u_cpu|ram:u_ram|mem~541              ; Stuck at GND due to stuck port data_in      ;
; cpu:u_cpu|ram:u_ram|mem~533              ; Stuck at GND due to stuck port data_in      ;
; cpu:u_cpu|ram:u_ram|mem~557              ; Stuck at GND due to stuck port data_in      ;
; cpu:u_cpu|ram:u_ram|mem~549              ; Stuck at GND due to stuck port data_in      ;
; cpu:u_cpu|ram:u_ram|mem~573              ; Stuck at GND due to stuck port data_in      ;
; cpu:u_cpu|ram:u_ram|mem~565              ; Stuck at GND due to stuck port data_in      ;
; cpu:u_cpu|ram:u_ram|mem~589              ; Stuck at GND due to stuck port data_in      ;
; cpu:u_cpu|ram:u_ram|mem~581              ; Stuck at GND due to stuck port data_in      ;
; cpu:u_cpu|ram:u_ram|mem~605              ; Stuck at GND due to stuck port data_in      ;
; cpu:u_cpu|ram:u_ram|mem~597              ; Stuck at GND due to stuck port data_in      ;
; cpu:u_cpu|ram:u_ram|mem~621              ; Stuck at GND due to stuck port data_in      ;
; cpu:u_cpu|ram:u_ram|mem~613              ; Stuck at GND due to stuck port data_in      ;
; cpu:u_cpu|ram:u_ram|mem~637              ; Stuck at GND due to stuck port data_in      ;
; cpu:u_cpu|ram:u_ram|mem~629              ; Stuck at GND due to stuck port data_in      ;
; cpu:u_cpu|ram:u_ram|mem~653              ; Stuck at GND due to stuck port data_in      ;
; cpu:u_cpu|ram:u_ram|mem~645              ; Stuck at GND due to stuck port data_in      ;
; cpu:u_cpu|ram:u_ram|mem~669              ; Stuck at GND due to stuck port data_in      ;
; cpu:u_cpu|ram:u_ram|mem~661              ; Stuck at GND due to stuck port data_in      ;
; cpu:u_cpu|ram:u_ram|mem~685              ; Stuck at GND due to stuck port data_in      ;
; cpu:u_cpu|ram:u_ram|mem~677              ; Stuck at GND due to stuck port data_in      ;
; cpu:u_cpu|ram:u_ram|mem~701              ; Stuck at GND due to stuck port data_in      ;
; cpu:u_cpu|ram:u_ram|mem~693              ; Stuck at GND due to stuck port data_in      ;
; cpu:u_cpu|ram:u_ram|mem~717              ; Stuck at GND due to stuck port data_in      ;
; cpu:u_cpu|ram:u_ram|mem~709              ; Stuck at GND due to stuck port data_in      ;
; cpu:u_cpu|ram:u_ram|mem~733              ; Stuck at GND due to stuck port data_in      ;
; cpu:u_cpu|ram:u_ram|mem~725              ; Stuck at GND due to stuck port data_in      ;
; cpu:u_cpu|ram:u_ram|mem~749              ; Stuck at GND due to stuck port data_in      ;
; cpu:u_cpu|ram:u_ram|mem~741              ; Stuck at GND due to stuck port data_in      ;
; cpu:u_cpu|ram:u_ram|mem~765              ; Stuck at GND due to stuck port data_in      ;
; cpu:u_cpu|ram:u_ram|mem~757              ; Stuck at GND due to stuck port data_in      ;
; cpu:u_cpu|ram:u_ram|mem~781              ; Stuck at GND due to stuck port data_in      ;
; cpu:u_cpu|ram:u_ram|mem~773              ; Stuck at GND due to stuck port data_in      ;
; cpu:u_cpu|ram:u_ram|mem~797              ; Stuck at GND due to stuck port data_in      ;
; cpu:u_cpu|ram:u_ram|mem~789              ; Stuck at GND due to stuck port data_in      ;
; cpu:u_cpu|ram:u_ram|mem~813              ; Stuck at GND due to stuck port data_in      ;
; cpu:u_cpu|ram:u_ram|mem~805              ; Stuck at GND due to stuck port data_in      ;
; cpu:u_cpu|ram:u_ram|mem~829              ; Stuck at GND due to stuck port data_in      ;
; cpu:u_cpu|ram:u_ram|mem~821              ; Stuck at GND due to stuck port data_in      ;
; cpu:u_cpu|ram:u_ram|mem~845              ; Stuck at GND due to stuck port data_in      ;
; cpu:u_cpu|ram:u_ram|mem~837              ; Stuck at GND due to stuck port data_in      ;
; cpu:u_cpu|ram:u_ram|mem~861              ; Stuck at GND due to stuck port data_in      ;
; cpu:u_cpu|ram:u_ram|mem~853              ; Stuck at GND due to stuck port data_in      ;
; cpu:u_cpu|ram:u_ram|mem~877              ; Stuck at GND due to stuck port data_in      ;
; cpu:u_cpu|ram:u_ram|mem~869              ; Stuck at GND due to stuck port data_in      ;
; cpu:u_cpu|ram:u_ram|mem~893              ; Stuck at GND due to stuck port data_in      ;
; cpu:u_cpu|ram:u_ram|mem~885              ; Stuck at GND due to stuck port data_in      ;
; cpu:u_cpu|ram:u_ram|mem~909              ; Stuck at GND due to stuck port data_in      ;
; cpu:u_cpu|ram:u_ram|mem~901              ; Stuck at GND due to stuck port data_in      ;
; cpu:u_cpu|ram:u_ram|mem~925              ; Stuck at GND due to stuck port data_in      ;
; cpu:u_cpu|ram:u_ram|mem~917              ; Stuck at GND due to stuck port data_in      ;
; cpu:u_cpu|ram:u_ram|mem~941              ; Stuck at GND due to stuck port data_in      ;
; cpu:u_cpu|ram:u_ram|mem~933              ; Stuck at GND due to stuck port data_in      ;
; cpu:u_cpu|ram:u_ram|mem~957              ; Stuck at GND due to stuck port data_in      ;
; cpu:u_cpu|ram:u_ram|mem~949              ; Stuck at GND due to stuck port data_in      ;
; cpu:u_cpu|ram:u_ram|mem~973              ; Stuck at GND due to stuck port data_in      ;
; cpu:u_cpu|ram:u_ram|mem~965              ; Stuck at GND due to stuck port data_in      ;
; cpu:u_cpu|ram:u_ram|mem~989              ; Stuck at GND due to stuck port data_in      ;
; cpu:u_cpu|ram:u_ram|mem~981              ; Stuck at GND due to stuck port data_in      ;
; cpu:u_cpu|ram:u_ram|mem~1005             ; Stuck at GND due to stuck port data_in      ;
; cpu:u_cpu|ram:u_ram|mem~997              ; Stuck at GND due to stuck port data_in      ;
; cpu:u_cpu|ram:u_ram|mem~1021             ; Stuck at GND due to stuck port data_in      ;
; cpu:u_cpu|ram:u_ram|mem~1013             ; Stuck at GND due to stuck port data_in      ;
; cpu:u_cpu|ram:u_ram|mem~1037             ; Stuck at GND due to stuck port data_in      ;
; cpu:u_cpu|ram:u_ram|mem~1029             ; Stuck at GND due to stuck port data_in      ;
; cpu:u_cpu|ram:u_ram|mem~1053             ; Stuck at GND due to stuck port data_in      ;
; cpu:u_cpu|ram:u_ram|mem~1045             ; Stuck at GND due to stuck port data_in      ;
; cpu:u_cpu|ram:u_ram|mem~1069             ; Stuck at GND due to stuck port data_in      ;
; cpu:u_cpu|ram:u_ram|mem~1061             ; Stuck at GND due to stuck port data_in      ;
; cpu:u_cpu|ram:u_ram|mem~1085             ; Stuck at GND due to stuck port data_in      ;
; cpu:u_cpu|ram:u_ram|mem~1077             ; Stuck at GND due to stuck port data_in      ;
; cpu:u_cpu|ram:u_ram|mem~1101             ; Stuck at GND due to stuck port data_in      ;
; cpu:u_cpu|ram:u_ram|mem~1093             ; Stuck at GND due to stuck port data_in      ;
; cpu:u_cpu|ram:u_ram|mem~1117             ; Stuck at GND due to stuck port data_in      ;
; cpu:u_cpu|ram:u_ram|mem~1109             ; Stuck at GND due to stuck port data_in      ;
; cpu:u_cpu|ram:u_ram|mem~1133             ; Stuck at GND due to stuck port data_in      ;
; cpu:u_cpu|ram:u_ram|mem~1125             ; Stuck at GND due to stuck port data_in      ;
; cpu:u_cpu|ram:u_ram|mem~1149             ; Stuck at GND due to stuck port data_in      ;
; cpu:u_cpu|ram:u_ram|mem~1141             ; Stuck at GND due to stuck port data_in      ;
; cpu:u_cpu|ram:u_ram|mem~1165             ; Stuck at GND due to stuck port data_in      ;
; cpu:u_cpu|ram:u_ram|mem~1157             ; Stuck at GND due to stuck port data_in      ;
; cpu:u_cpu|ram:u_ram|mem~1181             ; Stuck at GND due to stuck port data_in      ;
; cpu:u_cpu|ram:u_ram|mem~1173             ; Stuck at GND due to stuck port data_in      ;
; cpu:u_cpu|ram:u_ram|mem~1197             ; Stuck at GND due to stuck port data_in      ;
; cpu:u_cpu|ram:u_ram|mem~1189             ; Stuck at GND due to stuck port data_in      ;
; cpu:u_cpu|ram:u_ram|mem~1213             ; Stuck at GND due to stuck port data_in      ;
; cpu:u_cpu|ram:u_ram|mem~1205             ; Stuck at GND due to stuck port data_in      ;
; cpu:u_cpu|ram:u_ram|mem~1229             ; Stuck at GND due to stuck port data_in      ;
; cpu:u_cpu|ram:u_ram|mem~1221             ; Stuck at GND due to stuck port data_in      ;
; cpu:u_cpu|ram:u_ram|mem~1245             ; Stuck at GND due to stuck port data_in      ;
; cpu:u_cpu|ram:u_ram|mem~1237             ; Stuck at GND due to stuck port data_in      ;
; cpu:u_cpu|ram:u_ram|mem~1261             ; Stuck at GND due to stuck port data_in      ;
; cpu:u_cpu|ram:u_ram|mem~1253             ; Stuck at GND due to stuck port data_in      ;
; cpu:u_cpu|ram:u_ram|mem~1277             ; Stuck at GND due to stuck port data_in      ;
; cpu:u_cpu|ram:u_ram|mem~1269             ; Stuck at GND due to stuck port data_in      ;
; cpu:u_cpu|ram:u_ram|mem~1293             ; Stuck at GND due to stuck port data_in      ;
; cpu:u_cpu|ram:u_ram|mem~1285             ; Stuck at GND due to stuck port data_in      ;
; cpu:u_cpu|ram:u_ram|mem~1309             ; Stuck at GND due to stuck port data_in      ;
; cpu:u_cpu|ram:u_ram|mem~1301             ; Stuck at GND due to stuck port data_in      ;
; cpu:u_cpu|ram:u_ram|mem~1325             ; Stuck at GND due to stuck port data_in      ;
; cpu:u_cpu|ram:u_ram|mem~1317             ; Stuck at GND due to stuck port data_in      ;
; cpu:u_cpu|ram:u_ram|mem~1341             ; Stuck at GND due to stuck port data_in      ;
; cpu:u_cpu|ram:u_ram|mem~1333             ; Stuck at GND due to stuck port data_in      ;
; cpu:u_cpu|ram:u_ram|mem~1357             ; Stuck at GND due to stuck port data_in      ;
; cpu:u_cpu|ram:u_ram|mem~1349             ; Stuck at GND due to stuck port data_in      ;
; cpu:u_cpu|ram:u_ram|mem~1373             ; Stuck at GND due to stuck port data_in      ;
; cpu:u_cpu|ram:u_ram|mem~1365             ; Stuck at GND due to stuck port data_in      ;
; cpu:u_cpu|ram:u_ram|mem~1389             ; Stuck at GND due to stuck port data_in      ;
; cpu:u_cpu|ram:u_ram|mem~1381             ; Stuck at GND due to stuck port data_in      ;
; cpu:u_cpu|ram:u_ram|mem~1405             ; Stuck at GND due to stuck port data_in      ;
; cpu:u_cpu|ram:u_ram|mem~1397             ; Stuck at GND due to stuck port data_in      ;
; cpu:u_cpu|ram:u_ram|mem~1421             ; Stuck at GND due to stuck port data_in      ;
; cpu:u_cpu|ram:u_ram|mem~1413             ; Stuck at GND due to stuck port data_in      ;
; cpu:u_cpu|ram:u_ram|mem~1437             ; Stuck at GND due to stuck port data_in      ;
; cpu:u_cpu|ram:u_ram|mem~1429             ; Stuck at GND due to stuck port data_in      ;
; cpu:u_cpu|ram:u_ram|mem~1453             ; Stuck at GND due to stuck port data_in      ;
; cpu:u_cpu|ram:u_ram|mem~1445             ; Stuck at GND due to stuck port data_in      ;
; cpu:u_cpu|ram:u_ram|mem~1469             ; Stuck at GND due to stuck port data_in      ;
; cpu:u_cpu|ram:u_ram|mem~1461             ; Stuck at GND due to stuck port data_in      ;
; cpu:u_cpu|ram:u_ram|mem~1485             ; Stuck at GND due to stuck port data_in      ;
; cpu:u_cpu|ram:u_ram|mem~1477             ; Stuck at GND due to stuck port data_in      ;
; cpu:u_cpu|ram:u_ram|mem~1501             ; Stuck at GND due to stuck port data_in      ;
; cpu:u_cpu|ram:u_ram|mem~1493             ; Stuck at GND due to stuck port data_in      ;
; cpu:u_cpu|ram:u_ram|mem~1517             ; Stuck at GND due to stuck port data_in      ;
; cpu:u_cpu|ram:u_ram|mem~1509             ; Stuck at GND due to stuck port data_in      ;
; cpu:u_cpu|ram:u_ram|mem~1533             ; Stuck at GND due to stuck port data_in      ;
; cpu:u_cpu|ram:u_ram|mem~1525             ; Stuck at GND due to stuck port data_in      ;
; cpu:u_cpu|ram:u_ram|mem~1549             ; Stuck at GND due to stuck port data_in      ;
; cpu:u_cpu|ram:u_ram|mem~1541             ; Stuck at GND due to stuck port data_in      ;
; cpu:u_cpu|ram:u_ram|mem~1565             ; Stuck at GND due to stuck port data_in      ;
; cpu:u_cpu|ram:u_ram|mem~1557             ; Stuck at GND due to stuck port data_in      ;
; cpu:u_cpu|ram:u_ram|mem~1581             ; Stuck at GND due to stuck port data_in      ;
; cpu:u_cpu|ram:u_ram|mem~1573             ; Stuck at GND due to stuck port data_in      ;
; cpu:u_cpu|ram:u_ram|mem~1597             ; Stuck at GND due to stuck port data_in      ;
; cpu:u_cpu|ram:u_ram|mem~1589             ; Stuck at GND due to stuck port data_in      ;
; cpu:u_cpu|ram:u_ram|mem~1613             ; Stuck at GND due to stuck port data_in      ;
; cpu:u_cpu|ram:u_ram|mem~1605             ; Stuck at GND due to stuck port data_in      ;
; cpu:u_cpu|ram:u_ram|mem~1629             ; Stuck at GND due to stuck port data_in      ;
; cpu:u_cpu|ram:u_ram|mem~1621             ; Stuck at GND due to stuck port data_in      ;
; cpu:u_cpu|ram:u_ram|mem~1645             ; Stuck at GND due to stuck port data_in      ;
; cpu:u_cpu|ram:u_ram|mem~1637             ; Stuck at GND due to stuck port data_in      ;
; cpu:u_cpu|ram:u_ram|mem~1661             ; Stuck at GND due to stuck port data_in      ;
; cpu:u_cpu|ram:u_ram|mem~1653             ; Stuck at GND due to stuck port data_in      ;
; cpu:u_cpu|ram:u_ram|mem~1677             ; Stuck at GND due to stuck port data_in      ;
; cpu:u_cpu|ram:u_ram|mem~1669             ; Stuck at GND due to stuck port data_in      ;
; cpu:u_cpu|ram:u_ram|mem~1693             ; Stuck at GND due to stuck port data_in      ;
; cpu:u_cpu|ram:u_ram|mem~1685             ; Stuck at GND due to stuck port data_in      ;
; cpu:u_cpu|ram:u_ram|mem~1709             ; Stuck at GND due to stuck port data_in      ;
; cpu:u_cpu|ram:u_ram|mem~1701             ; Stuck at GND due to stuck port data_in      ;
; cpu:u_cpu|ram:u_ram|mem~1725             ; Stuck at GND due to stuck port data_in      ;
; cpu:u_cpu|ram:u_ram|mem~1717             ; Stuck at GND due to stuck port data_in      ;
; cpu:u_cpu|ram:u_ram|mem~1741             ; Stuck at GND due to stuck port data_in      ;
; cpu:u_cpu|ram:u_ram|mem~1733             ; Stuck at GND due to stuck port data_in      ;
; cpu:u_cpu|ram:u_ram|mem~1757             ; Stuck at GND due to stuck port data_in      ;
; cpu:u_cpu|ram:u_ram|mem~1749             ; Stuck at GND due to stuck port data_in      ;
; cpu:u_cpu|ram:u_ram|mem~1773             ; Stuck at GND due to stuck port data_in      ;
; cpu:u_cpu|ram:u_ram|mem~1765             ; Stuck at GND due to stuck port data_in      ;
; cpu:u_cpu|ram:u_ram|mem~1789             ; Stuck at GND due to stuck port data_in      ;
; cpu:u_cpu|ram:u_ram|mem~1781             ; Stuck at GND due to stuck port data_in      ;
; cpu:u_cpu|ram:u_ram|mem~1805             ; Stuck at GND due to stuck port data_in      ;
; cpu:u_cpu|ram:u_ram|mem~1797             ; Stuck at GND due to stuck port data_in      ;
; cpu:u_cpu|ram:u_ram|mem~1821             ; Stuck at GND due to stuck port data_in      ;
; cpu:u_cpu|ram:u_ram|mem~1813             ; Stuck at GND due to stuck port data_in      ;
; cpu:u_cpu|ram:u_ram|mem~1837             ; Stuck at GND due to stuck port data_in      ;
; cpu:u_cpu|ram:u_ram|mem~1829             ; Stuck at GND due to stuck port data_in      ;
; cpu:u_cpu|ram:u_ram|mem~1853             ; Stuck at GND due to stuck port data_in      ;
; cpu:u_cpu|ram:u_ram|mem~1845             ; Stuck at GND due to stuck port data_in      ;
; cpu:u_cpu|ram:u_ram|mem~1869             ; Stuck at GND due to stuck port data_in      ;
; cpu:u_cpu|ram:u_ram|mem~1861             ; Stuck at GND due to stuck port data_in      ;
; cpu:u_cpu|ram:u_ram|mem~1885             ; Stuck at GND due to stuck port data_in      ;
; cpu:u_cpu|ram:u_ram|mem~1877             ; Stuck at GND due to stuck port data_in      ;
; cpu:u_cpu|ram:u_ram|mem~1901             ; Stuck at GND due to stuck port data_in      ;
; cpu:u_cpu|ram:u_ram|mem~1893             ; Stuck at GND due to stuck port data_in      ;
; cpu:u_cpu|ram:u_ram|mem~1917             ; Stuck at GND due to stuck port data_in      ;
; cpu:u_cpu|ram:u_ram|mem~1909             ; Stuck at GND due to stuck port data_in      ;
; cpu:u_cpu|ram:u_ram|mem~1933             ; Stuck at GND due to stuck port data_in      ;
; cpu:u_cpu|ram:u_ram|mem~1925             ; Stuck at GND due to stuck port data_in      ;
; cpu:u_cpu|ram:u_ram|mem~1949             ; Stuck at GND due to stuck port data_in      ;
; cpu:u_cpu|ram:u_ram|mem~1941             ; Stuck at GND due to stuck port data_in      ;
; cpu:u_cpu|ram:u_ram|mem~1965             ; Stuck at GND due to stuck port data_in      ;
; cpu:u_cpu|ram:u_ram|mem~1957             ; Stuck at GND due to stuck port data_in      ;
; cpu:u_cpu|ram:u_ram|mem~1981             ; Stuck at GND due to stuck port data_in      ;
; cpu:u_cpu|ram:u_ram|mem~1973             ; Stuck at GND due to stuck port data_in      ;
; cpu:u_cpu|ram:u_ram|mem~1997             ; Stuck at GND due to stuck port data_in      ;
; cpu:u_cpu|ram:u_ram|mem~1989             ; Stuck at GND due to stuck port data_in      ;
; cpu:u_cpu|ram:u_ram|mem~2013             ; Stuck at GND due to stuck port data_in      ;
; cpu:u_cpu|ram:u_ram|mem~2005             ; Stuck at GND due to stuck port data_in      ;
; cpu:u_cpu|ram:u_ram|mem~2029             ; Stuck at GND due to stuck port data_in      ;
; cpu:u_cpu|ram:u_ram|mem~2021             ; Stuck at GND due to stuck port data_in      ;
; cpu:u_cpu|ram:u_ram|mem~2045             ; Stuck at GND due to stuck port data_in      ;
; cpu:u_cpu|ram:u_ram|mem~2037             ; Stuck at GND due to stuck port data_in      ;
; cpu:u_cpu|ram:u_ram|mem~12               ; Stuck at GND due to stuck port data_in      ;
; cpu:u_cpu|ram:u_ram|mem~4                ; Stuck at GND due to stuck port data_in      ;
; cpu:u_cpu|ram:u_ram|mem~28               ; Stuck at GND due to stuck port data_in      ;
; cpu:u_cpu|ram:u_ram|mem~20               ; Stuck at GND due to stuck port data_in      ;
; cpu:u_cpu|ram:u_ram|mem~44               ; Stuck at GND due to stuck port data_in      ;
; cpu:u_cpu|ram:u_ram|mem~36               ; Stuck at GND due to stuck port data_in      ;
; cpu:u_cpu|ram:u_ram|mem~60               ; Stuck at GND due to stuck port data_in      ;
; cpu:u_cpu|ram:u_ram|mem~52               ; Stuck at GND due to stuck port data_in      ;
; cpu:u_cpu|ram:u_ram|mem~76               ; Stuck at GND due to stuck port data_in      ;
; cpu:u_cpu|ram:u_ram|mem~68               ; Stuck at GND due to stuck port data_in      ;
; cpu:u_cpu|ram:u_ram|mem~92               ; Stuck at GND due to stuck port data_in      ;
; cpu:u_cpu|ram:u_ram|mem~84               ; Stuck at GND due to stuck port data_in      ;
; cpu:u_cpu|ram:u_ram|mem~108              ; Stuck at GND due to stuck port data_in      ;
; cpu:u_cpu|ram:u_ram|mem~100              ; Stuck at GND due to stuck port data_in      ;
; cpu:u_cpu|ram:u_ram|mem~124              ; Stuck at GND due to stuck port data_in      ;
; cpu:u_cpu|ram:u_ram|mem~116              ; Stuck at GND due to stuck port data_in      ;
; cpu:u_cpu|ram:u_ram|mem~140              ; Stuck at GND due to stuck port data_in      ;
; cpu:u_cpu|ram:u_ram|mem~132              ; Stuck at GND due to stuck port data_in      ;
; cpu:u_cpu|ram:u_ram|mem~156              ; Stuck at GND due to stuck port data_in      ;
; cpu:u_cpu|ram:u_ram|mem~148              ; Stuck at GND due to stuck port data_in      ;
; cpu:u_cpu|ram:u_ram|mem~172              ; Stuck at GND due to stuck port data_in      ;
; cpu:u_cpu|ram:u_ram|mem~164              ; Stuck at GND due to stuck port data_in      ;
; cpu:u_cpu|ram:u_ram|mem~188              ; Stuck at GND due to stuck port data_in      ;
; cpu:u_cpu|ram:u_ram|mem~180              ; Stuck at GND due to stuck port data_in      ;
; cpu:u_cpu|ram:u_ram|mem~204              ; Stuck at GND due to stuck port data_in      ;
; cpu:u_cpu|ram:u_ram|mem~196              ; Stuck at GND due to stuck port data_in      ;
; cpu:u_cpu|ram:u_ram|mem~220              ; Stuck at GND due to stuck port data_in      ;
; cpu:u_cpu|ram:u_ram|mem~212              ; Stuck at GND due to stuck port data_in      ;
; cpu:u_cpu|ram:u_ram|mem~236              ; Stuck at GND due to stuck port data_in      ;
; cpu:u_cpu|ram:u_ram|mem~228              ; Stuck at GND due to stuck port data_in      ;
; cpu:u_cpu|ram:u_ram|mem~252              ; Stuck at GND due to stuck port data_in      ;
; cpu:u_cpu|ram:u_ram|mem~244              ; Stuck at GND due to stuck port data_in      ;
; cpu:u_cpu|ram:u_ram|mem~268              ; Stuck at GND due to stuck port data_in      ;
; cpu:u_cpu|ram:u_ram|mem~260              ; Stuck at GND due to stuck port data_in      ;
; cpu:u_cpu|ram:u_ram|mem~284              ; Stuck at GND due to stuck port data_in      ;
; cpu:u_cpu|ram:u_ram|mem~276              ; Stuck at GND due to stuck port data_in      ;
; cpu:u_cpu|ram:u_ram|mem~300              ; Stuck at GND due to stuck port data_in      ;
; cpu:u_cpu|ram:u_ram|mem~292              ; Stuck at GND due to stuck port data_in      ;
; cpu:u_cpu|ram:u_ram|mem~316              ; Stuck at GND due to stuck port data_in      ;
; cpu:u_cpu|ram:u_ram|mem~308              ; Stuck at GND due to stuck port data_in      ;
; cpu:u_cpu|ram:u_ram|mem~332              ; Stuck at GND due to stuck port data_in      ;
; cpu:u_cpu|ram:u_ram|mem~324              ; Stuck at GND due to stuck port data_in      ;
; cpu:u_cpu|ram:u_ram|mem~348              ; Stuck at GND due to stuck port data_in      ;
; cpu:u_cpu|ram:u_ram|mem~340              ; Stuck at GND due to stuck port data_in      ;
; cpu:u_cpu|ram:u_ram|mem~364              ; Stuck at GND due to stuck port data_in      ;
; cpu:u_cpu|ram:u_ram|mem~356              ; Stuck at GND due to stuck port data_in      ;
; cpu:u_cpu|ram:u_ram|mem~380              ; Stuck at GND due to stuck port data_in      ;
; cpu:u_cpu|ram:u_ram|mem~372              ; Stuck at GND due to stuck port data_in      ;
; cpu:u_cpu|ram:u_ram|mem~396              ; Stuck at GND due to stuck port data_in      ;
; cpu:u_cpu|ram:u_ram|mem~388              ; Stuck at GND due to stuck port data_in      ;
; cpu:u_cpu|ram:u_ram|mem~412              ; Stuck at GND due to stuck port data_in      ;
; cpu:u_cpu|ram:u_ram|mem~404              ; Stuck at GND due to stuck port data_in      ;
; cpu:u_cpu|ram:u_ram|mem~428              ; Stuck at GND due to stuck port data_in      ;
; cpu:u_cpu|ram:u_ram|mem~420              ; Stuck at GND due to stuck port data_in      ;
; cpu:u_cpu|ram:u_ram|mem~444              ; Stuck at GND due to stuck port data_in      ;
; cpu:u_cpu|ram:u_ram|mem~436              ; Stuck at GND due to stuck port data_in      ;
; cpu:u_cpu|ram:u_ram|mem~460              ; Stuck at GND due to stuck port data_in      ;
; cpu:u_cpu|ram:u_ram|mem~452              ; Stuck at GND due to stuck port data_in      ;
; cpu:u_cpu|ram:u_ram|mem~476              ; Stuck at GND due to stuck port data_in      ;
; cpu:u_cpu|ram:u_ram|mem~468              ; Stuck at GND due to stuck port data_in      ;
; cpu:u_cpu|ram:u_ram|mem~492              ; Stuck at GND due to stuck port data_in      ;
; cpu:u_cpu|ram:u_ram|mem~484              ; Stuck at GND due to stuck port data_in      ;
; cpu:u_cpu|ram:u_ram|mem~508              ; Stuck at GND due to stuck port data_in      ;
; cpu:u_cpu|ram:u_ram|mem~500              ; Stuck at GND due to stuck port data_in      ;
; cpu:u_cpu|ram:u_ram|mem~524              ; Stuck at GND due to stuck port data_in      ;
; cpu:u_cpu|ram:u_ram|mem~516              ; Stuck at GND due to stuck port data_in      ;
; cpu:u_cpu|ram:u_ram|mem~540              ; Stuck at GND due to stuck port data_in      ;
; cpu:u_cpu|ram:u_ram|mem~532              ; Stuck at GND due to stuck port data_in      ;
; cpu:u_cpu|ram:u_ram|mem~556              ; Stuck at GND due to stuck port data_in      ;
; cpu:u_cpu|ram:u_ram|mem~548              ; Stuck at GND due to stuck port data_in      ;
; cpu:u_cpu|ram:u_ram|mem~572              ; Stuck at GND due to stuck port data_in      ;
; cpu:u_cpu|ram:u_ram|mem~564              ; Stuck at GND due to stuck port data_in      ;
; cpu:u_cpu|ram:u_ram|mem~588              ; Stuck at GND due to stuck port data_in      ;
; cpu:u_cpu|ram:u_ram|mem~580              ; Stuck at GND due to stuck port data_in      ;
; cpu:u_cpu|ram:u_ram|mem~604              ; Stuck at GND due to stuck port data_in      ;
; cpu:u_cpu|ram:u_ram|mem~596              ; Stuck at GND due to stuck port data_in      ;
; cpu:u_cpu|ram:u_ram|mem~620              ; Stuck at GND due to stuck port data_in      ;
; cpu:u_cpu|ram:u_ram|mem~612              ; Stuck at GND due to stuck port data_in      ;
; cpu:u_cpu|ram:u_ram|mem~636              ; Stuck at GND due to stuck port data_in      ;
; cpu:u_cpu|ram:u_ram|mem~628              ; Stuck at GND due to stuck port data_in      ;
; cpu:u_cpu|ram:u_ram|mem~652              ; Stuck at GND due to stuck port data_in      ;
; cpu:u_cpu|ram:u_ram|mem~644              ; Stuck at GND due to stuck port data_in      ;
; cpu:u_cpu|ram:u_ram|mem~668              ; Stuck at GND due to stuck port data_in      ;
; cpu:u_cpu|ram:u_ram|mem~660              ; Stuck at GND due to stuck port data_in      ;
; cpu:u_cpu|ram:u_ram|mem~684              ; Stuck at GND due to stuck port data_in      ;
; cpu:u_cpu|ram:u_ram|mem~676              ; Stuck at GND due to stuck port data_in      ;
; cpu:u_cpu|ram:u_ram|mem~700              ; Stuck at GND due to stuck port data_in      ;
; cpu:u_cpu|ram:u_ram|mem~692              ; Stuck at GND due to stuck port data_in      ;
; cpu:u_cpu|ram:u_ram|mem~716              ; Stuck at GND due to stuck port data_in      ;
; cpu:u_cpu|ram:u_ram|mem~708              ; Stuck at GND due to stuck port data_in      ;
; cpu:u_cpu|ram:u_ram|mem~732              ; Stuck at GND due to stuck port data_in      ;
; cpu:u_cpu|ram:u_ram|mem~724              ; Stuck at GND due to stuck port data_in      ;
; cpu:u_cpu|ram:u_ram|mem~748              ; Stuck at GND due to stuck port data_in      ;
; cpu:u_cpu|ram:u_ram|mem~740              ; Stuck at GND due to stuck port data_in      ;
; cpu:u_cpu|ram:u_ram|mem~764              ; Stuck at GND due to stuck port data_in      ;
; cpu:u_cpu|ram:u_ram|mem~756              ; Stuck at GND due to stuck port data_in      ;
; cpu:u_cpu|ram:u_ram|mem~780              ; Stuck at GND due to stuck port data_in      ;
; cpu:u_cpu|ram:u_ram|mem~772              ; Stuck at GND due to stuck port data_in      ;
; cpu:u_cpu|ram:u_ram|mem~796              ; Stuck at GND due to stuck port data_in      ;
; cpu:u_cpu|ram:u_ram|mem~788              ; Stuck at GND due to stuck port data_in      ;
; cpu:u_cpu|ram:u_ram|mem~812              ; Stuck at GND due to stuck port data_in      ;
; cpu:u_cpu|ram:u_ram|mem~804              ; Stuck at GND due to stuck port data_in      ;
; cpu:u_cpu|ram:u_ram|mem~828              ; Stuck at GND due to stuck port data_in      ;
; cpu:u_cpu|ram:u_ram|mem~820              ; Stuck at GND due to stuck port data_in      ;
; cpu:u_cpu|ram:u_ram|mem~844              ; Stuck at GND due to stuck port data_in      ;
; cpu:u_cpu|ram:u_ram|mem~836              ; Stuck at GND due to stuck port data_in      ;
; cpu:u_cpu|ram:u_ram|mem~860              ; Stuck at GND due to stuck port data_in      ;
; cpu:u_cpu|ram:u_ram|mem~852              ; Stuck at GND due to stuck port data_in      ;
; cpu:u_cpu|ram:u_ram|mem~876              ; Stuck at GND due to stuck port data_in      ;
; cpu:u_cpu|ram:u_ram|mem~868              ; Stuck at GND due to stuck port data_in      ;
; cpu:u_cpu|ram:u_ram|mem~892              ; Stuck at GND due to stuck port data_in      ;
; cpu:u_cpu|ram:u_ram|mem~884              ; Stuck at GND due to stuck port data_in      ;
; cpu:u_cpu|ram:u_ram|mem~908              ; Stuck at GND due to stuck port data_in      ;
; cpu:u_cpu|ram:u_ram|mem~900              ; Stuck at GND due to stuck port data_in      ;
; cpu:u_cpu|ram:u_ram|mem~924              ; Stuck at GND due to stuck port data_in      ;
; cpu:u_cpu|ram:u_ram|mem~916              ; Stuck at GND due to stuck port data_in      ;
; cpu:u_cpu|ram:u_ram|mem~940              ; Stuck at GND due to stuck port data_in      ;
; cpu:u_cpu|ram:u_ram|mem~932              ; Stuck at GND due to stuck port data_in      ;
; cpu:u_cpu|ram:u_ram|mem~956              ; Stuck at GND due to stuck port data_in      ;
; cpu:u_cpu|ram:u_ram|mem~948              ; Stuck at GND due to stuck port data_in      ;
; cpu:u_cpu|ram:u_ram|mem~972              ; Stuck at GND due to stuck port data_in      ;
; cpu:u_cpu|ram:u_ram|mem~964              ; Stuck at GND due to stuck port data_in      ;
; cpu:u_cpu|ram:u_ram|mem~988              ; Stuck at GND due to stuck port data_in      ;
; cpu:u_cpu|ram:u_ram|mem~980              ; Stuck at GND due to stuck port data_in      ;
; cpu:u_cpu|ram:u_ram|mem~1004             ; Stuck at GND due to stuck port data_in      ;
; cpu:u_cpu|ram:u_ram|mem~996              ; Stuck at GND due to stuck port data_in      ;
; cpu:u_cpu|ram:u_ram|mem~1020             ; Stuck at GND due to stuck port data_in      ;
; cpu:u_cpu|ram:u_ram|mem~1012             ; Stuck at GND due to stuck port data_in      ;
; cpu:u_cpu|ram:u_ram|mem~1036             ; Stuck at GND due to stuck port data_in      ;
; cpu:u_cpu|ram:u_ram|mem~1028             ; Stuck at GND due to stuck port data_in      ;
; cpu:u_cpu|ram:u_ram|mem~1052             ; Stuck at GND due to stuck port data_in      ;
; cpu:u_cpu|ram:u_ram|mem~1044             ; Stuck at GND due to stuck port data_in      ;
; cpu:u_cpu|ram:u_ram|mem~1068             ; Stuck at GND due to stuck port data_in      ;
; cpu:u_cpu|ram:u_ram|mem~1060             ; Stuck at GND due to stuck port data_in      ;
; cpu:u_cpu|ram:u_ram|mem~1084             ; Stuck at GND due to stuck port data_in      ;
; cpu:u_cpu|ram:u_ram|mem~1076             ; Stuck at GND due to stuck port data_in      ;
; cpu:u_cpu|ram:u_ram|mem~1100             ; Stuck at GND due to stuck port data_in      ;
; cpu:u_cpu|ram:u_ram|mem~1092             ; Stuck at GND due to stuck port data_in      ;
; cpu:u_cpu|ram:u_ram|mem~1116             ; Stuck at GND due to stuck port data_in      ;
; cpu:u_cpu|ram:u_ram|mem~1108             ; Stuck at GND due to stuck port data_in      ;
; cpu:u_cpu|ram:u_ram|mem~1132             ; Stuck at GND due to stuck port data_in      ;
; cpu:u_cpu|ram:u_ram|mem~1124             ; Stuck at GND due to stuck port data_in      ;
; cpu:u_cpu|ram:u_ram|mem~1148             ; Stuck at GND due to stuck port data_in      ;
; cpu:u_cpu|ram:u_ram|mem~1140             ; Stuck at GND due to stuck port data_in      ;
; cpu:u_cpu|ram:u_ram|mem~1164             ; Stuck at GND due to stuck port data_in      ;
; cpu:u_cpu|ram:u_ram|mem~1156             ; Stuck at GND due to stuck port data_in      ;
; cpu:u_cpu|ram:u_ram|mem~1180             ; Stuck at GND due to stuck port data_in      ;
; cpu:u_cpu|ram:u_ram|mem~1172             ; Stuck at GND due to stuck port data_in      ;
; cpu:u_cpu|ram:u_ram|mem~1196             ; Stuck at GND due to stuck port data_in      ;
; cpu:u_cpu|ram:u_ram|mem~1188             ; Stuck at GND due to stuck port data_in      ;
; cpu:u_cpu|ram:u_ram|mem~1212             ; Stuck at GND due to stuck port data_in      ;
; cpu:u_cpu|ram:u_ram|mem~1204             ; Stuck at GND due to stuck port data_in      ;
; cpu:u_cpu|ram:u_ram|mem~1228             ; Stuck at GND due to stuck port data_in      ;
; cpu:u_cpu|ram:u_ram|mem~1220             ; Stuck at GND due to stuck port data_in      ;
; cpu:u_cpu|ram:u_ram|mem~1244             ; Stuck at GND due to stuck port data_in      ;
; cpu:u_cpu|ram:u_ram|mem~1236             ; Stuck at GND due to stuck port data_in      ;
; cpu:u_cpu|ram:u_ram|mem~1260             ; Stuck at GND due to stuck port data_in      ;
; cpu:u_cpu|ram:u_ram|mem~1252             ; Stuck at GND due to stuck port data_in      ;
; cpu:u_cpu|ram:u_ram|mem~1276             ; Stuck at GND due to stuck port data_in      ;
; cpu:u_cpu|ram:u_ram|mem~1268             ; Stuck at GND due to stuck port data_in      ;
; cpu:u_cpu|ram:u_ram|mem~1292             ; Stuck at GND due to stuck port data_in      ;
; cpu:u_cpu|ram:u_ram|mem~1284             ; Stuck at GND due to stuck port data_in      ;
; cpu:u_cpu|ram:u_ram|mem~1308             ; Stuck at GND due to stuck port data_in      ;
; cpu:u_cpu|ram:u_ram|mem~1300             ; Stuck at GND due to stuck port data_in      ;
; cpu:u_cpu|ram:u_ram|mem~1324             ; Stuck at GND due to stuck port data_in      ;
; cpu:u_cpu|ram:u_ram|mem~1316             ; Stuck at GND due to stuck port data_in      ;
; cpu:u_cpu|ram:u_ram|mem~1340             ; Stuck at GND due to stuck port data_in      ;
; cpu:u_cpu|ram:u_ram|mem~1332             ; Stuck at GND due to stuck port data_in      ;
; cpu:u_cpu|ram:u_ram|mem~1356             ; Stuck at GND due to stuck port data_in      ;
; cpu:u_cpu|ram:u_ram|mem~1348             ; Stuck at GND due to stuck port data_in      ;
; cpu:u_cpu|ram:u_ram|mem~1372             ; Stuck at GND due to stuck port data_in      ;
; cpu:u_cpu|ram:u_ram|mem~1364             ; Stuck at GND due to stuck port data_in      ;
; cpu:u_cpu|ram:u_ram|mem~1388             ; Stuck at GND due to stuck port data_in      ;
; cpu:u_cpu|ram:u_ram|mem~1380             ; Stuck at GND due to stuck port data_in      ;
; cpu:u_cpu|ram:u_ram|mem~1404             ; Stuck at GND due to stuck port data_in      ;
; cpu:u_cpu|ram:u_ram|mem~1396             ; Stuck at GND due to stuck port data_in      ;
; cpu:u_cpu|ram:u_ram|mem~1420             ; Stuck at GND due to stuck port data_in      ;
; cpu:u_cpu|ram:u_ram|mem~1412             ; Stuck at GND due to stuck port data_in      ;
; cpu:u_cpu|ram:u_ram|mem~1436             ; Stuck at GND due to stuck port data_in      ;
; cpu:u_cpu|ram:u_ram|mem~1428             ; Stuck at GND due to stuck port data_in      ;
; cpu:u_cpu|ram:u_ram|mem~1452             ; Stuck at GND due to stuck port data_in      ;
; cpu:u_cpu|ram:u_ram|mem~1444             ; Stuck at GND due to stuck port data_in      ;
; cpu:u_cpu|ram:u_ram|mem~1468             ; Stuck at GND due to stuck port data_in      ;
; cpu:u_cpu|ram:u_ram|mem~1460             ; Stuck at GND due to stuck port data_in      ;
; cpu:u_cpu|ram:u_ram|mem~1484             ; Stuck at GND due to stuck port data_in      ;
; cpu:u_cpu|ram:u_ram|mem~1476             ; Stuck at GND due to stuck port data_in      ;
; cpu:u_cpu|ram:u_ram|mem~1500             ; Stuck at GND due to stuck port data_in      ;
; cpu:u_cpu|ram:u_ram|mem~1492             ; Stuck at GND due to stuck port data_in      ;
; cpu:u_cpu|ram:u_ram|mem~1516             ; Stuck at GND due to stuck port data_in      ;
; cpu:u_cpu|ram:u_ram|mem~1508             ; Stuck at GND due to stuck port data_in      ;
; cpu:u_cpu|ram:u_ram|mem~1532             ; Stuck at GND due to stuck port data_in      ;
; cpu:u_cpu|ram:u_ram|mem~1524             ; Stuck at GND due to stuck port data_in      ;
; cpu:u_cpu|ram:u_ram|mem~1548             ; Stuck at GND due to stuck port data_in      ;
; cpu:u_cpu|ram:u_ram|mem~1540             ; Stuck at GND due to stuck port data_in      ;
; cpu:u_cpu|ram:u_ram|mem~1564             ; Stuck at GND due to stuck port data_in      ;
; cpu:u_cpu|ram:u_ram|mem~1556             ; Stuck at GND due to stuck port data_in      ;
; cpu:u_cpu|ram:u_ram|mem~1580             ; Stuck at GND due to stuck port data_in      ;
; cpu:u_cpu|ram:u_ram|mem~1572             ; Stuck at GND due to stuck port data_in      ;
; cpu:u_cpu|ram:u_ram|mem~1596             ; Stuck at GND due to stuck port data_in      ;
; cpu:u_cpu|ram:u_ram|mem~1588             ; Stuck at GND due to stuck port data_in      ;
; cpu:u_cpu|ram:u_ram|mem~1612             ; Stuck at GND due to stuck port data_in      ;
; cpu:u_cpu|ram:u_ram|mem~1604             ; Stuck at GND due to stuck port data_in      ;
; cpu:u_cpu|ram:u_ram|mem~1628             ; Stuck at GND due to stuck port data_in      ;
; cpu:u_cpu|ram:u_ram|mem~1620             ; Stuck at GND due to stuck port data_in      ;
; cpu:u_cpu|ram:u_ram|mem~1644             ; Stuck at GND due to stuck port data_in      ;
; cpu:u_cpu|ram:u_ram|mem~1636             ; Stuck at GND due to stuck port data_in      ;
; cpu:u_cpu|ram:u_ram|mem~1660             ; Stuck at GND due to stuck port data_in      ;
; cpu:u_cpu|ram:u_ram|mem~1652             ; Stuck at GND due to stuck port data_in      ;
; cpu:u_cpu|ram:u_ram|mem~1676             ; Stuck at GND due to stuck port data_in      ;
; cpu:u_cpu|ram:u_ram|mem~1668             ; Stuck at GND due to stuck port data_in      ;
; cpu:u_cpu|ram:u_ram|mem~1692             ; Stuck at GND due to stuck port data_in      ;
; cpu:u_cpu|ram:u_ram|mem~1684             ; Stuck at GND due to stuck port data_in      ;
; cpu:u_cpu|ram:u_ram|mem~1708             ; Stuck at GND due to stuck port data_in      ;
; cpu:u_cpu|ram:u_ram|mem~1700             ; Stuck at GND due to stuck port data_in      ;
; cpu:u_cpu|ram:u_ram|mem~1724             ; Stuck at GND due to stuck port data_in      ;
; cpu:u_cpu|ram:u_ram|mem~1716             ; Stuck at GND due to stuck port data_in      ;
; cpu:u_cpu|ram:u_ram|mem~1740             ; Stuck at GND due to stuck port data_in      ;
; cpu:u_cpu|ram:u_ram|mem~1732             ; Stuck at GND due to stuck port data_in      ;
; cpu:u_cpu|ram:u_ram|mem~1756             ; Stuck at GND due to stuck port data_in      ;
; cpu:u_cpu|ram:u_ram|mem~1748             ; Stuck at GND due to stuck port data_in      ;
; cpu:u_cpu|ram:u_ram|mem~1772             ; Stuck at GND due to stuck port data_in      ;
; cpu:u_cpu|ram:u_ram|mem~1764             ; Stuck at GND due to stuck port data_in      ;
; cpu:u_cpu|ram:u_ram|mem~1788             ; Stuck at GND due to stuck port data_in      ;
; cpu:u_cpu|ram:u_ram|mem~1780             ; Stuck at GND due to stuck port data_in      ;
; cpu:u_cpu|ram:u_ram|mem~1804             ; Stuck at GND due to stuck port data_in      ;
; cpu:u_cpu|ram:u_ram|mem~1796             ; Stuck at GND due to stuck port data_in      ;
; cpu:u_cpu|ram:u_ram|mem~1820             ; Stuck at GND due to stuck port data_in      ;
; cpu:u_cpu|ram:u_ram|mem~1812             ; Stuck at GND due to stuck port data_in      ;
; cpu:u_cpu|ram:u_ram|mem~1836             ; Stuck at GND due to stuck port data_in      ;
; cpu:u_cpu|ram:u_ram|mem~1828             ; Stuck at GND due to stuck port data_in      ;
; cpu:u_cpu|ram:u_ram|mem~1852             ; Stuck at GND due to stuck port data_in      ;
; cpu:u_cpu|ram:u_ram|mem~1844             ; Stuck at GND due to stuck port data_in      ;
; cpu:u_cpu|ram:u_ram|mem~1868             ; Stuck at GND due to stuck port data_in      ;
; cpu:u_cpu|ram:u_ram|mem~1860             ; Stuck at GND due to stuck port data_in      ;
; cpu:u_cpu|ram:u_ram|mem~1884             ; Stuck at GND due to stuck port data_in      ;
; cpu:u_cpu|ram:u_ram|mem~1876             ; Stuck at GND due to stuck port data_in      ;
; cpu:u_cpu|ram:u_ram|mem~1900             ; Stuck at GND due to stuck port data_in      ;
; cpu:u_cpu|ram:u_ram|mem~1892             ; Stuck at GND due to stuck port data_in      ;
; cpu:u_cpu|ram:u_ram|mem~1916             ; Stuck at GND due to stuck port data_in      ;
; cpu:u_cpu|ram:u_ram|mem~1908             ; Stuck at GND due to stuck port data_in      ;
; cpu:u_cpu|ram:u_ram|mem~1932             ; Stuck at GND due to stuck port data_in      ;
; cpu:u_cpu|ram:u_ram|mem~1924             ; Stuck at GND due to stuck port data_in      ;
; cpu:u_cpu|ram:u_ram|mem~1948             ; Stuck at GND due to stuck port data_in      ;
; cpu:u_cpu|ram:u_ram|mem~1940             ; Stuck at GND due to stuck port data_in      ;
; cpu:u_cpu|ram:u_ram|mem~1964             ; Stuck at GND due to stuck port data_in      ;
; cpu:u_cpu|ram:u_ram|mem~1956             ; Stuck at GND due to stuck port data_in      ;
; cpu:u_cpu|ram:u_ram|mem~1980             ; Stuck at GND due to stuck port data_in      ;
; cpu:u_cpu|ram:u_ram|mem~1972             ; Stuck at GND due to stuck port data_in      ;
; cpu:u_cpu|ram:u_ram|mem~1996             ; Stuck at GND due to stuck port data_in      ;
; cpu:u_cpu|ram:u_ram|mem~1988             ; Stuck at GND due to stuck port data_in      ;
; cpu:u_cpu|ram:u_ram|mem~2012             ; Stuck at GND due to stuck port data_in      ;
; cpu:u_cpu|ram:u_ram|mem~2004             ; Stuck at GND due to stuck port data_in      ;
; cpu:u_cpu|ram:u_ram|mem~2028             ; Stuck at GND due to stuck port data_in      ;
; cpu:u_cpu|ram:u_ram|mem~2020             ; Stuck at GND due to stuck port data_in      ;
; cpu:u_cpu|ram:u_ram|mem~2044             ; Stuck at GND due to stuck port data_in      ;
; cpu:u_cpu|ram:u_ram|mem~2036             ; Stuck at GND due to stuck port data_in      ;
; cpu:u_cpu|ram:u_ram|mem~11               ; Stuck at GND due to stuck port data_in      ;
; cpu:u_cpu|ram:u_ram|mem~3                ; Stuck at GND due to stuck port data_in      ;
; cpu:u_cpu|ram:u_ram|mem~27               ; Stuck at GND due to stuck port data_in      ;
; cpu:u_cpu|ram:u_ram|mem~19               ; Stuck at GND due to stuck port data_in      ;
; cpu:u_cpu|ram:u_ram|mem~43               ; Stuck at GND due to stuck port data_in      ;
; cpu:u_cpu|ram:u_ram|mem~35               ; Stuck at GND due to stuck port data_in      ;
; cpu:u_cpu|ram:u_ram|mem~59               ; Stuck at GND due to stuck port data_in      ;
; cpu:u_cpu|ram:u_ram|mem~51               ; Stuck at GND due to stuck port data_in      ;
; cpu:u_cpu|ram:u_ram|mem~75               ; Stuck at GND due to stuck port data_in      ;
; cpu:u_cpu|ram:u_ram|mem~67               ; Stuck at GND due to stuck port data_in      ;
; cpu:u_cpu|ram:u_ram|mem~91               ; Stuck at GND due to stuck port data_in      ;
; cpu:u_cpu|ram:u_ram|mem~83               ; Stuck at GND due to stuck port data_in      ;
; cpu:u_cpu|ram:u_ram|mem~107              ; Stuck at GND due to stuck port data_in      ;
; cpu:u_cpu|ram:u_ram|mem~99               ; Stuck at GND due to stuck port data_in      ;
; cpu:u_cpu|ram:u_ram|mem~123              ; Stuck at GND due to stuck port data_in      ;
; cpu:u_cpu|ram:u_ram|mem~115              ; Stuck at GND due to stuck port data_in      ;
; cpu:u_cpu|ram:u_ram|mem~139              ; Stuck at GND due to stuck port data_in      ;
; cpu:u_cpu|ram:u_ram|mem~131              ; Stuck at GND due to stuck port data_in      ;
; cpu:u_cpu|ram:u_ram|mem~155              ; Stuck at GND due to stuck port data_in      ;
; cpu:u_cpu|ram:u_ram|mem~147              ; Stuck at GND due to stuck port data_in      ;
; cpu:u_cpu|ram:u_ram|mem~171              ; Stuck at GND due to stuck port data_in      ;
; cpu:u_cpu|ram:u_ram|mem~163              ; Stuck at GND due to stuck port data_in      ;
; cpu:u_cpu|ram:u_ram|mem~187              ; Stuck at GND due to stuck port data_in      ;
; cpu:u_cpu|ram:u_ram|mem~179              ; Stuck at GND due to stuck port data_in      ;
; cpu:u_cpu|ram:u_ram|mem~203              ; Stuck at GND due to stuck port data_in      ;
; cpu:u_cpu|ram:u_ram|mem~195              ; Stuck at GND due to stuck port data_in      ;
; cpu:u_cpu|ram:u_ram|mem~219              ; Stuck at GND due to stuck port data_in      ;
; cpu:u_cpu|ram:u_ram|mem~211              ; Stuck at GND due to stuck port data_in      ;
; cpu:u_cpu|ram:u_ram|mem~235              ; Stuck at GND due to stuck port data_in      ;
; cpu:u_cpu|ram:u_ram|mem~227              ; Stuck at GND due to stuck port data_in      ;
; cpu:u_cpu|ram:u_ram|mem~251              ; Stuck at GND due to stuck port data_in      ;
; cpu:u_cpu|ram:u_ram|mem~243              ; Stuck at GND due to stuck port data_in      ;
; cpu:u_cpu|ram:u_ram|mem~267              ; Stuck at GND due to stuck port data_in      ;
; cpu:u_cpu|ram:u_ram|mem~259              ; Stuck at GND due to stuck port data_in      ;
; cpu:u_cpu|ram:u_ram|mem~283              ; Stuck at GND due to stuck port data_in      ;
; cpu:u_cpu|ram:u_ram|mem~275              ; Stuck at GND due to stuck port data_in      ;
; cpu:u_cpu|ram:u_ram|mem~299              ; Stuck at GND due to stuck port data_in      ;
; cpu:u_cpu|ram:u_ram|mem~291              ; Stuck at GND due to stuck port data_in      ;
; cpu:u_cpu|ram:u_ram|mem~315              ; Stuck at GND due to stuck port data_in      ;
; cpu:u_cpu|ram:u_ram|mem~307              ; Stuck at GND due to stuck port data_in      ;
; cpu:u_cpu|ram:u_ram|mem~331              ; Stuck at GND due to stuck port data_in      ;
; cpu:u_cpu|ram:u_ram|mem~323              ; Stuck at GND due to stuck port data_in      ;
; cpu:u_cpu|ram:u_ram|mem~347              ; Stuck at GND due to stuck port data_in      ;
; cpu:u_cpu|ram:u_ram|mem~339              ; Stuck at GND due to stuck port data_in      ;
; cpu:u_cpu|ram:u_ram|mem~363              ; Stuck at GND due to stuck port data_in      ;
; cpu:u_cpu|ram:u_ram|mem~355              ; Stuck at GND due to stuck port data_in      ;
; cpu:u_cpu|ram:u_ram|mem~379              ; Stuck at GND due to stuck port data_in      ;
; cpu:u_cpu|ram:u_ram|mem~371              ; Stuck at GND due to stuck port data_in      ;
; cpu:u_cpu|ram:u_ram|mem~395              ; Stuck at GND due to stuck port data_in      ;
; cpu:u_cpu|ram:u_ram|mem~387              ; Stuck at GND due to stuck port data_in      ;
; cpu:u_cpu|ram:u_ram|mem~411              ; Stuck at GND due to stuck port data_in      ;
; cpu:u_cpu|ram:u_ram|mem~403              ; Stuck at GND due to stuck port data_in      ;
; cpu:u_cpu|ram:u_ram|mem~427              ; Stuck at GND due to stuck port data_in      ;
; cpu:u_cpu|ram:u_ram|mem~419              ; Stuck at GND due to stuck port data_in      ;
; cpu:u_cpu|ram:u_ram|mem~443              ; Stuck at GND due to stuck port data_in      ;
; cpu:u_cpu|ram:u_ram|mem~435              ; Stuck at GND due to stuck port data_in      ;
; cpu:u_cpu|ram:u_ram|mem~459              ; Stuck at GND due to stuck port data_in      ;
; cpu:u_cpu|ram:u_ram|mem~451              ; Stuck at GND due to stuck port data_in      ;
; cpu:u_cpu|ram:u_ram|mem~475              ; Stuck at GND due to stuck port data_in      ;
; cpu:u_cpu|ram:u_ram|mem~467              ; Stuck at GND due to stuck port data_in      ;
; cpu:u_cpu|ram:u_ram|mem~491              ; Stuck at GND due to stuck port data_in      ;
; cpu:u_cpu|ram:u_ram|mem~483              ; Stuck at GND due to stuck port data_in      ;
; cpu:u_cpu|ram:u_ram|mem~507              ; Stuck at GND due to stuck port data_in      ;
; cpu:u_cpu|ram:u_ram|mem~499              ; Stuck at GND due to stuck port data_in      ;
; cpu:u_cpu|ram:u_ram|mem~523              ; Stuck at GND due to stuck port data_in      ;
; cpu:u_cpu|ram:u_ram|mem~515              ; Stuck at GND due to stuck port data_in      ;
; cpu:u_cpu|ram:u_ram|mem~539              ; Stuck at GND due to stuck port data_in      ;
; cpu:u_cpu|ram:u_ram|mem~531              ; Stuck at GND due to stuck port data_in      ;
; cpu:u_cpu|ram:u_ram|mem~555              ; Stuck at GND due to stuck port data_in      ;
; cpu:u_cpu|ram:u_ram|mem~547              ; Stuck at GND due to stuck port data_in      ;
; cpu:u_cpu|ram:u_ram|mem~571              ; Stuck at GND due to stuck port data_in      ;
; cpu:u_cpu|ram:u_ram|mem~563              ; Stuck at GND due to stuck port data_in      ;
; cpu:u_cpu|ram:u_ram|mem~587              ; Stuck at GND due to stuck port data_in      ;
; cpu:u_cpu|ram:u_ram|mem~579              ; Stuck at GND due to stuck port data_in      ;
; cpu:u_cpu|ram:u_ram|mem~603              ; Stuck at GND due to stuck port data_in      ;
; cpu:u_cpu|ram:u_ram|mem~595              ; Stuck at GND due to stuck port data_in      ;
; cpu:u_cpu|ram:u_ram|mem~619              ; Stuck at GND due to stuck port data_in      ;
; cpu:u_cpu|ram:u_ram|mem~611              ; Stuck at GND due to stuck port data_in      ;
; cpu:u_cpu|ram:u_ram|mem~635              ; Stuck at GND due to stuck port data_in      ;
; cpu:u_cpu|ram:u_ram|mem~627              ; Stuck at GND due to stuck port data_in      ;
; cpu:u_cpu|ram:u_ram|mem~651              ; Stuck at GND due to stuck port data_in      ;
; cpu:u_cpu|ram:u_ram|mem~643              ; Stuck at GND due to stuck port data_in      ;
; cpu:u_cpu|ram:u_ram|mem~667              ; Stuck at GND due to stuck port data_in      ;
; cpu:u_cpu|ram:u_ram|mem~659              ; Stuck at GND due to stuck port data_in      ;
; cpu:u_cpu|ram:u_ram|mem~683              ; Stuck at GND due to stuck port data_in      ;
; cpu:u_cpu|ram:u_ram|mem~675              ; Stuck at GND due to stuck port data_in      ;
; cpu:u_cpu|ram:u_ram|mem~699              ; Stuck at GND due to stuck port data_in      ;
; cpu:u_cpu|ram:u_ram|mem~691              ; Stuck at GND due to stuck port data_in      ;
; cpu:u_cpu|ram:u_ram|mem~715              ; Stuck at GND due to stuck port data_in      ;
; cpu:u_cpu|ram:u_ram|mem~707              ; Stuck at GND due to stuck port data_in      ;
; cpu:u_cpu|ram:u_ram|mem~731              ; Stuck at GND due to stuck port data_in      ;
; cpu:u_cpu|ram:u_ram|mem~723              ; Stuck at GND due to stuck port data_in      ;
; cpu:u_cpu|ram:u_ram|mem~747              ; Stuck at GND due to stuck port data_in      ;
; cpu:u_cpu|ram:u_ram|mem~739              ; Stuck at GND due to stuck port data_in      ;
; cpu:u_cpu|ram:u_ram|mem~763              ; Stuck at GND due to stuck port data_in      ;
; cpu:u_cpu|ram:u_ram|mem~755              ; Stuck at GND due to stuck port data_in      ;
; cpu:u_cpu|ram:u_ram|mem~779              ; Stuck at GND due to stuck port data_in      ;
; cpu:u_cpu|ram:u_ram|mem~771              ; Stuck at GND due to stuck port data_in      ;
; cpu:u_cpu|ram:u_ram|mem~795              ; Stuck at GND due to stuck port data_in      ;
; cpu:u_cpu|ram:u_ram|mem~787              ; Stuck at GND due to stuck port data_in      ;
; cpu:u_cpu|ram:u_ram|mem~811              ; Stuck at GND due to stuck port data_in      ;
; cpu:u_cpu|ram:u_ram|mem~803              ; Stuck at GND due to stuck port data_in      ;
; cpu:u_cpu|ram:u_ram|mem~827              ; Stuck at GND due to stuck port data_in      ;
; cpu:u_cpu|ram:u_ram|mem~819              ; Stuck at GND due to stuck port data_in      ;
; cpu:u_cpu|ram:u_ram|mem~843              ; Stuck at GND due to stuck port data_in      ;
; cpu:u_cpu|ram:u_ram|mem~835              ; Stuck at GND due to stuck port data_in      ;
; cpu:u_cpu|ram:u_ram|mem~859              ; Stuck at GND due to stuck port data_in      ;
; cpu:u_cpu|ram:u_ram|mem~851              ; Stuck at GND due to stuck port data_in      ;
; cpu:u_cpu|ram:u_ram|mem~875              ; Stuck at GND due to stuck port data_in      ;
; cpu:u_cpu|ram:u_ram|mem~867              ; Stuck at GND due to stuck port data_in      ;
; cpu:u_cpu|ram:u_ram|mem~891              ; Stuck at GND due to stuck port data_in      ;
; cpu:u_cpu|ram:u_ram|mem~883              ; Stuck at GND due to stuck port data_in      ;
; cpu:u_cpu|ram:u_ram|mem~907              ; Stuck at GND due to stuck port data_in      ;
; cpu:u_cpu|ram:u_ram|mem~899              ; Stuck at GND due to stuck port data_in      ;
; cpu:u_cpu|ram:u_ram|mem~923              ; Stuck at GND due to stuck port data_in      ;
; cpu:u_cpu|ram:u_ram|mem~915              ; Stuck at GND due to stuck port data_in      ;
; cpu:u_cpu|ram:u_ram|mem~939              ; Stuck at GND due to stuck port data_in      ;
; cpu:u_cpu|ram:u_ram|mem~931              ; Stuck at GND due to stuck port data_in      ;
; cpu:u_cpu|ram:u_ram|mem~955              ; Stuck at GND due to stuck port data_in      ;
; cpu:u_cpu|ram:u_ram|mem~947              ; Stuck at GND due to stuck port data_in      ;
; cpu:u_cpu|ram:u_ram|mem~971              ; Stuck at GND due to stuck port data_in      ;
; cpu:u_cpu|ram:u_ram|mem~963              ; Stuck at GND due to stuck port data_in      ;
; cpu:u_cpu|ram:u_ram|mem~987              ; Stuck at GND due to stuck port data_in      ;
; cpu:u_cpu|ram:u_ram|mem~979              ; Stuck at GND due to stuck port data_in      ;
; cpu:u_cpu|ram:u_ram|mem~1003             ; Stuck at GND due to stuck port data_in      ;
; cpu:u_cpu|ram:u_ram|mem~995              ; Stuck at GND due to stuck port data_in      ;
; cpu:u_cpu|ram:u_ram|mem~1019             ; Stuck at GND due to stuck port data_in      ;
; cpu:u_cpu|ram:u_ram|mem~1011             ; Stuck at GND due to stuck port data_in      ;
; cpu:u_cpu|ram:u_ram|mem~1035             ; Stuck at GND due to stuck port data_in      ;
; cpu:u_cpu|ram:u_ram|mem~1027             ; Stuck at GND due to stuck port data_in      ;
; cpu:u_cpu|ram:u_ram|mem~1051             ; Stuck at GND due to stuck port data_in      ;
; cpu:u_cpu|ram:u_ram|mem~1043             ; Stuck at GND due to stuck port data_in      ;
; cpu:u_cpu|ram:u_ram|mem~1067             ; Stuck at GND due to stuck port data_in      ;
; cpu:u_cpu|ram:u_ram|mem~1059             ; Stuck at GND due to stuck port data_in      ;
; cpu:u_cpu|ram:u_ram|mem~1083             ; Stuck at GND due to stuck port data_in      ;
; cpu:u_cpu|ram:u_ram|mem~1075             ; Stuck at GND due to stuck port data_in      ;
; cpu:u_cpu|ram:u_ram|mem~1099             ; Stuck at GND due to stuck port data_in      ;
; cpu:u_cpu|ram:u_ram|mem~1091             ; Stuck at GND due to stuck port data_in      ;
; cpu:u_cpu|ram:u_ram|mem~1115             ; Stuck at GND due to stuck port data_in      ;
; cpu:u_cpu|ram:u_ram|mem~1107             ; Stuck at GND due to stuck port data_in      ;
; cpu:u_cpu|ram:u_ram|mem~1131             ; Stuck at GND due to stuck port data_in      ;
; cpu:u_cpu|ram:u_ram|mem~1123             ; Stuck at GND due to stuck port data_in      ;
; cpu:u_cpu|ram:u_ram|mem~1147             ; Stuck at GND due to stuck port data_in      ;
; cpu:u_cpu|ram:u_ram|mem~1139             ; Stuck at GND due to stuck port data_in      ;
; cpu:u_cpu|ram:u_ram|mem~1163             ; Stuck at GND due to stuck port data_in      ;
; cpu:u_cpu|ram:u_ram|mem~1155             ; Stuck at GND due to stuck port data_in      ;
; cpu:u_cpu|ram:u_ram|mem~1179             ; Stuck at GND due to stuck port data_in      ;
; cpu:u_cpu|ram:u_ram|mem~1171             ; Stuck at GND due to stuck port data_in      ;
; cpu:u_cpu|ram:u_ram|mem~1195             ; Stuck at GND due to stuck port data_in      ;
; cpu:u_cpu|ram:u_ram|mem~1187             ; Stuck at GND due to stuck port data_in      ;
; cpu:u_cpu|ram:u_ram|mem~1211             ; Stuck at GND due to stuck port data_in      ;
; cpu:u_cpu|ram:u_ram|mem~1203             ; Stuck at GND due to stuck port data_in      ;
; cpu:u_cpu|ram:u_ram|mem~1227             ; Stuck at GND due to stuck port data_in      ;
; cpu:u_cpu|ram:u_ram|mem~1219             ; Stuck at GND due to stuck port data_in      ;
; cpu:u_cpu|ram:u_ram|mem~1243             ; Stuck at GND due to stuck port data_in      ;
; cpu:u_cpu|ram:u_ram|mem~1235             ; Stuck at GND due to stuck port data_in      ;
; cpu:u_cpu|ram:u_ram|mem~1259             ; Stuck at GND due to stuck port data_in      ;
; cpu:u_cpu|ram:u_ram|mem~1251             ; Stuck at GND due to stuck port data_in      ;
; cpu:u_cpu|ram:u_ram|mem~1275             ; Stuck at GND due to stuck port data_in      ;
; cpu:u_cpu|ram:u_ram|mem~1267             ; Stuck at GND due to stuck port data_in      ;
; cpu:u_cpu|ram:u_ram|mem~1291             ; Stuck at GND due to stuck port data_in      ;
; cpu:u_cpu|ram:u_ram|mem~1283             ; Stuck at GND due to stuck port data_in      ;
; cpu:u_cpu|ram:u_ram|mem~1307             ; Stuck at GND due to stuck port data_in      ;
; cpu:u_cpu|ram:u_ram|mem~1299             ; Stuck at GND due to stuck port data_in      ;
; cpu:u_cpu|ram:u_ram|mem~1323             ; Stuck at GND due to stuck port data_in      ;
; cpu:u_cpu|ram:u_ram|mem~1315             ; Stuck at GND due to stuck port data_in      ;
; cpu:u_cpu|ram:u_ram|mem~1339             ; Stuck at GND due to stuck port data_in      ;
; cpu:u_cpu|ram:u_ram|mem~1331             ; Stuck at GND due to stuck port data_in      ;
; cpu:u_cpu|ram:u_ram|mem~1355             ; Stuck at GND due to stuck port data_in      ;
; cpu:u_cpu|ram:u_ram|mem~1347             ; Stuck at GND due to stuck port data_in      ;
; cpu:u_cpu|ram:u_ram|mem~1371             ; Stuck at GND due to stuck port data_in      ;
; cpu:u_cpu|ram:u_ram|mem~1363             ; Stuck at GND due to stuck port data_in      ;
; cpu:u_cpu|ram:u_ram|mem~1387             ; Stuck at GND due to stuck port data_in      ;
; cpu:u_cpu|ram:u_ram|mem~1379             ; Stuck at GND due to stuck port data_in      ;
; cpu:u_cpu|ram:u_ram|mem~1403             ; Stuck at GND due to stuck port data_in      ;
; cpu:u_cpu|ram:u_ram|mem~1395             ; Stuck at GND due to stuck port data_in      ;
; cpu:u_cpu|ram:u_ram|mem~1419             ; Stuck at GND due to stuck port data_in      ;
; cpu:u_cpu|ram:u_ram|mem~1411             ; Stuck at GND due to stuck port data_in      ;
; cpu:u_cpu|ram:u_ram|mem~1435             ; Stuck at GND due to stuck port data_in      ;
; cpu:u_cpu|ram:u_ram|mem~1427             ; Stuck at GND due to stuck port data_in      ;
; cpu:u_cpu|ram:u_ram|mem~1451             ; Stuck at GND due to stuck port data_in      ;
; cpu:u_cpu|ram:u_ram|mem~1443             ; Stuck at GND due to stuck port data_in      ;
; cpu:u_cpu|ram:u_ram|mem~1467             ; Stuck at GND due to stuck port data_in      ;
; cpu:u_cpu|ram:u_ram|mem~1459             ; Stuck at GND due to stuck port data_in      ;
; cpu:u_cpu|ram:u_ram|mem~1483             ; Stuck at GND due to stuck port data_in      ;
; cpu:u_cpu|ram:u_ram|mem~1475             ; Stuck at GND due to stuck port data_in      ;
; cpu:u_cpu|ram:u_ram|mem~1499             ; Stuck at GND due to stuck port data_in      ;
; cpu:u_cpu|ram:u_ram|mem~1491             ; Stuck at GND due to stuck port data_in      ;
; cpu:u_cpu|ram:u_ram|mem~1515             ; Stuck at GND due to stuck port data_in      ;
; cpu:u_cpu|ram:u_ram|mem~1507             ; Stuck at GND due to stuck port data_in      ;
; cpu:u_cpu|ram:u_ram|mem~1531             ; Stuck at GND due to stuck port data_in      ;
; cpu:u_cpu|ram:u_ram|mem~1523             ; Stuck at GND due to stuck port data_in      ;
; cpu:u_cpu|ram:u_ram|mem~1547             ; Stuck at GND due to stuck port data_in      ;
; cpu:u_cpu|ram:u_ram|mem~1539             ; Stuck at GND due to stuck port data_in      ;
; cpu:u_cpu|ram:u_ram|mem~1563             ; Stuck at GND due to stuck port data_in      ;
; cpu:u_cpu|ram:u_ram|mem~1555             ; Stuck at GND due to stuck port data_in      ;
; cpu:u_cpu|ram:u_ram|mem~1579             ; Stuck at GND due to stuck port data_in      ;
; cpu:u_cpu|ram:u_ram|mem~1571             ; Stuck at GND due to stuck port data_in      ;
; cpu:u_cpu|ram:u_ram|mem~1595             ; Stuck at GND due to stuck port data_in      ;
; cpu:u_cpu|ram:u_ram|mem~1587             ; Stuck at GND due to stuck port data_in      ;
; cpu:u_cpu|ram:u_ram|mem~1611             ; Stuck at GND due to stuck port data_in      ;
; cpu:u_cpu|ram:u_ram|mem~1603             ; Stuck at GND due to stuck port data_in      ;
; cpu:u_cpu|ram:u_ram|mem~1627             ; Stuck at GND due to stuck port data_in      ;
; cpu:u_cpu|ram:u_ram|mem~1619             ; Stuck at GND due to stuck port data_in      ;
; cpu:u_cpu|ram:u_ram|mem~1643             ; Stuck at GND due to stuck port data_in      ;
; cpu:u_cpu|ram:u_ram|mem~1635             ; Stuck at GND due to stuck port data_in      ;
; cpu:u_cpu|ram:u_ram|mem~1659             ; Stuck at GND due to stuck port data_in      ;
; cpu:u_cpu|ram:u_ram|mem~1651             ; Stuck at GND due to stuck port data_in      ;
; cpu:u_cpu|ram:u_ram|mem~1675             ; Stuck at GND due to stuck port data_in      ;
; cpu:u_cpu|ram:u_ram|mem~1667             ; Stuck at GND due to stuck port data_in      ;
; cpu:u_cpu|ram:u_ram|mem~1691             ; Stuck at GND due to stuck port data_in      ;
; cpu:u_cpu|ram:u_ram|mem~1683             ; Stuck at GND due to stuck port data_in      ;
; cpu:u_cpu|ram:u_ram|mem~1707             ; Stuck at GND due to stuck port data_in      ;
; cpu:u_cpu|ram:u_ram|mem~1699             ; Stuck at GND due to stuck port data_in      ;
; cpu:u_cpu|ram:u_ram|mem~1723             ; Stuck at GND due to stuck port data_in      ;
; cpu:u_cpu|ram:u_ram|mem~1715             ; Stuck at GND due to stuck port data_in      ;
; cpu:u_cpu|ram:u_ram|mem~1739             ; Stuck at GND due to stuck port data_in      ;
; cpu:u_cpu|ram:u_ram|mem~1731             ; Stuck at GND due to stuck port data_in      ;
; cpu:u_cpu|ram:u_ram|mem~1755             ; Stuck at GND due to stuck port data_in      ;
; cpu:u_cpu|ram:u_ram|mem~1747             ; Stuck at GND due to stuck port data_in      ;
; cpu:u_cpu|ram:u_ram|mem~1771             ; Stuck at GND due to stuck port data_in      ;
; cpu:u_cpu|ram:u_ram|mem~1763             ; Stuck at GND due to stuck port data_in      ;
; cpu:u_cpu|ram:u_ram|mem~1787             ; Stuck at GND due to stuck port data_in      ;
; cpu:u_cpu|ram:u_ram|mem~1779             ; Stuck at GND due to stuck port data_in      ;
; cpu:u_cpu|ram:u_ram|mem~1803             ; Stuck at GND due to stuck port data_in      ;
; cpu:u_cpu|ram:u_ram|mem~1795             ; Stuck at GND due to stuck port data_in      ;
; cpu:u_cpu|ram:u_ram|mem~1819             ; Stuck at GND due to stuck port data_in      ;
; cpu:u_cpu|ram:u_ram|mem~1811             ; Stuck at GND due to stuck port data_in      ;
; cpu:u_cpu|ram:u_ram|mem~1835             ; Stuck at GND due to stuck port data_in      ;
; cpu:u_cpu|ram:u_ram|mem~1827             ; Stuck at GND due to stuck port data_in      ;
; cpu:u_cpu|ram:u_ram|mem~1851             ; Stuck at GND due to stuck port data_in      ;
; cpu:u_cpu|ram:u_ram|mem~1843             ; Stuck at GND due to stuck port data_in      ;
; cpu:u_cpu|ram:u_ram|mem~1867             ; Stuck at GND due to stuck port data_in      ;
; cpu:u_cpu|ram:u_ram|mem~1859             ; Stuck at GND due to stuck port data_in      ;
; cpu:u_cpu|ram:u_ram|mem~1883             ; Stuck at GND due to stuck port data_in      ;
; cpu:u_cpu|ram:u_ram|mem~1875             ; Stuck at GND due to stuck port data_in      ;
; cpu:u_cpu|ram:u_ram|mem~1899             ; Stuck at GND due to stuck port data_in      ;
; cpu:u_cpu|ram:u_ram|mem~1891             ; Stuck at GND due to stuck port data_in      ;
; cpu:u_cpu|ram:u_ram|mem~1915             ; Stuck at GND due to stuck port data_in      ;
; cpu:u_cpu|ram:u_ram|mem~1907             ; Stuck at GND due to stuck port data_in      ;
; cpu:u_cpu|ram:u_ram|mem~1931             ; Stuck at GND due to stuck port data_in      ;
; cpu:u_cpu|ram:u_ram|mem~1923             ; Stuck at GND due to stuck port data_in      ;
; cpu:u_cpu|ram:u_ram|mem~1947             ; Stuck at GND due to stuck port data_in      ;
; cpu:u_cpu|ram:u_ram|mem~1939             ; Stuck at GND due to stuck port data_in      ;
; cpu:u_cpu|ram:u_ram|mem~1963             ; Stuck at GND due to stuck port data_in      ;
; cpu:u_cpu|ram:u_ram|mem~1955             ; Stuck at GND due to stuck port data_in      ;
; cpu:u_cpu|ram:u_ram|mem~1979             ; Stuck at GND due to stuck port data_in      ;
; cpu:u_cpu|ram:u_ram|mem~1971             ; Stuck at GND due to stuck port data_in      ;
; cpu:u_cpu|ram:u_ram|mem~1995             ; Stuck at GND due to stuck port data_in      ;
; cpu:u_cpu|ram:u_ram|mem~1987             ; Stuck at GND due to stuck port data_in      ;
; cpu:u_cpu|ram:u_ram|mem~2011             ; Stuck at GND due to stuck port data_in      ;
; cpu:u_cpu|ram:u_ram|mem~2003             ; Stuck at GND due to stuck port data_in      ;
; cpu:u_cpu|ram:u_ram|mem~2027             ; Stuck at GND due to stuck port data_in      ;
; cpu:u_cpu|ram:u_ram|mem~2019             ; Stuck at GND due to stuck port data_in      ;
; cpu:u_cpu|ram:u_ram|mem~2043             ; Stuck at GND due to stuck port data_in      ;
; cpu:u_cpu|ram:u_ram|mem~2035             ; Stuck at GND due to stuck port data_in      ;
; cpu:u_cpu|ram:u_ram|mem~10               ; Stuck at GND due to stuck port data_in      ;
; cpu:u_cpu|ram:u_ram|mem~2                ; Stuck at GND due to stuck port data_in      ;
; cpu:u_cpu|ram:u_ram|mem~26               ; Stuck at GND due to stuck port data_in      ;
; cpu:u_cpu|ram:u_ram|mem~18               ; Stuck at GND due to stuck port data_in      ;
; cpu:u_cpu|ram:u_ram|mem~42               ; Stuck at GND due to stuck port data_in      ;
; cpu:u_cpu|ram:u_ram|mem~34               ; Stuck at GND due to stuck port data_in      ;
; cpu:u_cpu|ram:u_ram|mem~58               ; Stuck at GND due to stuck port data_in      ;
; cpu:u_cpu|ram:u_ram|mem~50               ; Stuck at GND due to stuck port data_in      ;
; cpu:u_cpu|ram:u_ram|mem~74               ; Stuck at GND due to stuck port data_in      ;
; cpu:u_cpu|ram:u_ram|mem~66               ; Stuck at GND due to stuck port data_in      ;
; cpu:u_cpu|ram:u_ram|mem~90               ; Stuck at GND due to stuck port data_in      ;
; cpu:u_cpu|ram:u_ram|mem~82               ; Stuck at GND due to stuck port data_in      ;
; cpu:u_cpu|ram:u_ram|mem~106              ; Stuck at GND due to stuck port data_in      ;
; cpu:u_cpu|ram:u_ram|mem~98               ; Stuck at GND due to stuck port data_in      ;
; cpu:u_cpu|ram:u_ram|mem~122              ; Stuck at GND due to stuck port data_in      ;
; cpu:u_cpu|ram:u_ram|mem~114              ; Stuck at GND due to stuck port data_in      ;
; cpu:u_cpu|ram:u_ram|mem~138              ; Stuck at GND due to stuck port data_in      ;
; cpu:u_cpu|ram:u_ram|mem~130              ; Stuck at GND due to stuck port data_in      ;
; cpu:u_cpu|ram:u_ram|mem~154              ; Stuck at GND due to stuck port data_in      ;
; cpu:u_cpu|ram:u_ram|mem~146              ; Stuck at GND due to stuck port data_in      ;
; cpu:u_cpu|ram:u_ram|mem~170              ; Stuck at GND due to stuck port data_in      ;
; cpu:u_cpu|ram:u_ram|mem~162              ; Stuck at GND due to stuck port data_in      ;
; cpu:u_cpu|ram:u_ram|mem~186              ; Stuck at GND due to stuck port data_in      ;
; cpu:u_cpu|ram:u_ram|mem~178              ; Stuck at GND due to stuck port data_in      ;
; cpu:u_cpu|ram:u_ram|mem~202              ; Stuck at GND due to stuck port data_in      ;
; cpu:u_cpu|ram:u_ram|mem~194              ; Stuck at GND due to stuck port data_in      ;
; cpu:u_cpu|ram:u_ram|mem~218              ; Stuck at GND due to stuck port data_in      ;
; cpu:u_cpu|ram:u_ram|mem~210              ; Stuck at GND due to stuck port data_in      ;
; cpu:u_cpu|ram:u_ram|mem~234              ; Stuck at GND due to stuck port data_in      ;
; cpu:u_cpu|ram:u_ram|mem~226              ; Stuck at GND due to stuck port data_in      ;
; cpu:u_cpu|ram:u_ram|mem~250              ; Stuck at GND due to stuck port data_in      ;
; cpu:u_cpu|ram:u_ram|mem~242              ; Stuck at GND due to stuck port data_in      ;
; cpu:u_cpu|ram:u_ram|mem~266              ; Stuck at GND due to stuck port data_in      ;
; cpu:u_cpu|ram:u_ram|mem~258              ; Stuck at GND due to stuck port data_in      ;
; cpu:u_cpu|ram:u_ram|mem~282              ; Stuck at GND due to stuck port data_in      ;
; cpu:u_cpu|ram:u_ram|mem~274              ; Stuck at GND due to stuck port data_in      ;
; cpu:u_cpu|ram:u_ram|mem~298              ; Stuck at GND due to stuck port data_in      ;
; cpu:u_cpu|ram:u_ram|mem~290              ; Stuck at GND due to stuck port data_in      ;
; cpu:u_cpu|ram:u_ram|mem~314              ; Stuck at GND due to stuck port data_in      ;
; cpu:u_cpu|ram:u_ram|mem~306              ; Stuck at GND due to stuck port data_in      ;
; cpu:u_cpu|ram:u_ram|mem~330              ; Stuck at GND due to stuck port data_in      ;
; cpu:u_cpu|ram:u_ram|mem~322              ; Stuck at GND due to stuck port data_in      ;
; cpu:u_cpu|ram:u_ram|mem~346              ; Stuck at GND due to stuck port data_in      ;
; cpu:u_cpu|ram:u_ram|mem~338              ; Stuck at GND due to stuck port data_in      ;
; cpu:u_cpu|ram:u_ram|mem~362              ; Stuck at GND due to stuck port data_in      ;
; cpu:u_cpu|ram:u_ram|mem~354              ; Stuck at GND due to stuck port data_in      ;
; cpu:u_cpu|ram:u_ram|mem~378              ; Stuck at GND due to stuck port data_in      ;
; cpu:u_cpu|ram:u_ram|mem~370              ; Stuck at GND due to stuck port data_in      ;
; cpu:u_cpu|ram:u_ram|mem~394              ; Stuck at GND due to stuck port data_in      ;
; cpu:u_cpu|ram:u_ram|mem~386              ; Stuck at GND due to stuck port data_in      ;
; cpu:u_cpu|ram:u_ram|mem~410              ; Stuck at GND due to stuck port data_in      ;
; cpu:u_cpu|ram:u_ram|mem~402              ; Stuck at GND due to stuck port data_in      ;
; cpu:u_cpu|ram:u_ram|mem~426              ; Stuck at GND due to stuck port data_in      ;
; cpu:u_cpu|ram:u_ram|mem~418              ; Stuck at GND due to stuck port data_in      ;
; cpu:u_cpu|ram:u_ram|mem~442              ; Stuck at GND due to stuck port data_in      ;
; cpu:u_cpu|ram:u_ram|mem~434              ; Stuck at GND due to stuck port data_in      ;
; cpu:u_cpu|ram:u_ram|mem~458              ; Stuck at GND due to stuck port data_in      ;
; cpu:u_cpu|ram:u_ram|mem~450              ; Stuck at GND due to stuck port data_in      ;
; cpu:u_cpu|ram:u_ram|mem~474              ; Stuck at GND due to stuck port data_in      ;
; cpu:u_cpu|ram:u_ram|mem~466              ; Stuck at GND due to stuck port data_in      ;
; cpu:u_cpu|ram:u_ram|mem~490              ; Stuck at GND due to stuck port data_in      ;
; cpu:u_cpu|ram:u_ram|mem~482              ; Stuck at GND due to stuck port data_in      ;
; cpu:u_cpu|ram:u_ram|mem~506              ; Stuck at GND due to stuck port data_in      ;
; cpu:u_cpu|ram:u_ram|mem~498              ; Stuck at GND due to stuck port data_in      ;
; cpu:u_cpu|ram:u_ram|mem~522              ; Stuck at GND due to stuck port data_in      ;
; cpu:u_cpu|ram:u_ram|mem~514              ; Stuck at GND due to stuck port data_in      ;
; cpu:u_cpu|ram:u_ram|mem~538              ; Stuck at GND due to stuck port data_in      ;
; cpu:u_cpu|ram:u_ram|mem~530              ; Stuck at GND due to stuck port data_in      ;
; cpu:u_cpu|ram:u_ram|mem~554              ; Stuck at GND due to stuck port data_in      ;
; cpu:u_cpu|ram:u_ram|mem~546              ; Stuck at GND due to stuck port data_in      ;
; cpu:u_cpu|ram:u_ram|mem~570              ; Stuck at GND due to stuck port data_in      ;
; cpu:u_cpu|ram:u_ram|mem~562              ; Stuck at GND due to stuck port data_in      ;
; cpu:u_cpu|ram:u_ram|mem~586              ; Stuck at GND due to stuck port data_in      ;
; cpu:u_cpu|ram:u_ram|mem~578              ; Stuck at GND due to stuck port data_in      ;
; cpu:u_cpu|ram:u_ram|mem~602              ; Stuck at GND due to stuck port data_in      ;
; cpu:u_cpu|ram:u_ram|mem~594              ; Stuck at GND due to stuck port data_in      ;
; cpu:u_cpu|ram:u_ram|mem~618              ; Stuck at GND due to stuck port data_in      ;
; cpu:u_cpu|ram:u_ram|mem~610              ; Stuck at GND due to stuck port data_in      ;
; cpu:u_cpu|ram:u_ram|mem~634              ; Stuck at GND due to stuck port data_in      ;
; cpu:u_cpu|ram:u_ram|mem~626              ; Stuck at GND due to stuck port data_in      ;
; cpu:u_cpu|ram:u_ram|mem~650              ; Stuck at GND due to stuck port data_in      ;
; cpu:u_cpu|ram:u_ram|mem~642              ; Stuck at GND due to stuck port data_in      ;
; cpu:u_cpu|ram:u_ram|mem~666              ; Stuck at GND due to stuck port data_in      ;
; cpu:u_cpu|ram:u_ram|mem~658              ; Stuck at GND due to stuck port data_in      ;
; cpu:u_cpu|ram:u_ram|mem~682              ; Stuck at GND due to stuck port data_in      ;
; cpu:u_cpu|ram:u_ram|mem~674              ; Stuck at GND due to stuck port data_in      ;
; cpu:u_cpu|ram:u_ram|mem~698              ; Stuck at GND due to stuck port data_in      ;
; cpu:u_cpu|ram:u_ram|mem~690              ; Stuck at GND due to stuck port data_in      ;
; cpu:u_cpu|ram:u_ram|mem~714              ; Stuck at GND due to stuck port data_in      ;
; cpu:u_cpu|ram:u_ram|mem~706              ; Stuck at GND due to stuck port data_in      ;
; cpu:u_cpu|ram:u_ram|mem~730              ; Stuck at GND due to stuck port data_in      ;
; cpu:u_cpu|ram:u_ram|mem~722              ; Stuck at GND due to stuck port data_in      ;
; cpu:u_cpu|ram:u_ram|mem~746              ; Stuck at GND due to stuck port data_in      ;
; cpu:u_cpu|ram:u_ram|mem~738              ; Stuck at GND due to stuck port data_in      ;
; cpu:u_cpu|ram:u_ram|mem~762              ; Stuck at GND due to stuck port data_in      ;
; cpu:u_cpu|ram:u_ram|mem~754              ; Stuck at GND due to stuck port data_in      ;
; cpu:u_cpu|ram:u_ram|mem~778              ; Stuck at GND due to stuck port data_in      ;
; cpu:u_cpu|ram:u_ram|mem~770              ; Stuck at GND due to stuck port data_in      ;
; cpu:u_cpu|ram:u_ram|mem~794              ; Stuck at GND due to stuck port data_in      ;
; cpu:u_cpu|ram:u_ram|mem~786              ; Stuck at GND due to stuck port data_in      ;
; cpu:u_cpu|ram:u_ram|mem~810              ; Stuck at GND due to stuck port data_in      ;
; cpu:u_cpu|ram:u_ram|mem~802              ; Stuck at GND due to stuck port data_in      ;
; cpu:u_cpu|ram:u_ram|mem~826              ; Stuck at GND due to stuck port data_in      ;
; cpu:u_cpu|ram:u_ram|mem~818              ; Stuck at GND due to stuck port data_in      ;
; cpu:u_cpu|ram:u_ram|mem~842              ; Stuck at GND due to stuck port data_in      ;
; cpu:u_cpu|ram:u_ram|mem~834              ; Stuck at GND due to stuck port data_in      ;
; cpu:u_cpu|ram:u_ram|mem~858              ; Stuck at GND due to stuck port data_in      ;
; cpu:u_cpu|ram:u_ram|mem~850              ; Stuck at GND due to stuck port data_in      ;
; cpu:u_cpu|ram:u_ram|mem~874              ; Stuck at GND due to stuck port data_in      ;
; cpu:u_cpu|ram:u_ram|mem~866              ; Stuck at GND due to stuck port data_in      ;
; cpu:u_cpu|ram:u_ram|mem~890              ; Stuck at GND due to stuck port data_in      ;
; cpu:u_cpu|ram:u_ram|mem~882              ; Stuck at GND due to stuck port data_in      ;
; cpu:u_cpu|ram:u_ram|mem~906              ; Stuck at GND due to stuck port data_in      ;
; cpu:u_cpu|ram:u_ram|mem~898              ; Stuck at GND due to stuck port data_in      ;
; cpu:u_cpu|ram:u_ram|mem~922              ; Stuck at GND due to stuck port data_in      ;
; cpu:u_cpu|ram:u_ram|mem~914              ; Stuck at GND due to stuck port data_in      ;
; cpu:u_cpu|ram:u_ram|mem~938              ; Stuck at GND due to stuck port data_in      ;
; cpu:u_cpu|ram:u_ram|mem~930              ; Stuck at GND due to stuck port data_in      ;
; cpu:u_cpu|ram:u_ram|mem~954              ; Stuck at GND due to stuck port data_in      ;
; cpu:u_cpu|ram:u_ram|mem~946              ; Stuck at GND due to stuck port data_in      ;
; cpu:u_cpu|ram:u_ram|mem~970              ; Stuck at GND due to stuck port data_in      ;
; cpu:u_cpu|ram:u_ram|mem~962              ; Stuck at GND due to stuck port data_in      ;
; cpu:u_cpu|ram:u_ram|mem~986              ; Stuck at GND due to stuck port data_in      ;
; cpu:u_cpu|ram:u_ram|mem~978              ; Stuck at GND due to stuck port data_in      ;
; cpu:u_cpu|ram:u_ram|mem~1002             ; Stuck at GND due to stuck port data_in      ;
; cpu:u_cpu|ram:u_ram|mem~994              ; Stuck at GND due to stuck port data_in      ;
; cpu:u_cpu|ram:u_ram|mem~1018             ; Stuck at GND due to stuck port data_in      ;
; cpu:u_cpu|ram:u_ram|mem~1010             ; Stuck at GND due to stuck port data_in      ;
; cpu:u_cpu|ram:u_ram|mem~1034             ; Stuck at GND due to stuck port data_in      ;
; cpu:u_cpu|ram:u_ram|mem~1026             ; Stuck at GND due to stuck port data_in      ;
; cpu:u_cpu|ram:u_ram|mem~1050             ; Stuck at GND due to stuck port data_in      ;
; cpu:u_cpu|ram:u_ram|mem~1042             ; Stuck at GND due to stuck port data_in      ;
; cpu:u_cpu|ram:u_ram|mem~1066             ; Stuck at GND due to stuck port data_in      ;
; cpu:u_cpu|ram:u_ram|mem~1058             ; Stuck at GND due to stuck port data_in      ;
; cpu:u_cpu|ram:u_ram|mem~1082             ; Stuck at GND due to stuck port data_in      ;
; cpu:u_cpu|ram:u_ram|mem~1074             ; Stuck at GND due to stuck port data_in      ;
; cpu:u_cpu|ram:u_ram|mem~1098             ; Stuck at GND due to stuck port data_in      ;
; cpu:u_cpu|ram:u_ram|mem~1090             ; Stuck at GND due to stuck port data_in      ;
; cpu:u_cpu|ram:u_ram|mem~1114             ; Stuck at GND due to stuck port data_in      ;
; cpu:u_cpu|ram:u_ram|mem~1106             ; Stuck at GND due to stuck port data_in      ;
; cpu:u_cpu|ram:u_ram|mem~1130             ; Stuck at GND due to stuck port data_in      ;
; cpu:u_cpu|ram:u_ram|mem~1122             ; Stuck at GND due to stuck port data_in      ;
; cpu:u_cpu|ram:u_ram|mem~1146             ; Stuck at GND due to stuck port data_in      ;
; cpu:u_cpu|ram:u_ram|mem~1138             ; Stuck at GND due to stuck port data_in      ;
; cpu:u_cpu|ram:u_ram|mem~1162             ; Stuck at GND due to stuck port data_in      ;
; cpu:u_cpu|ram:u_ram|mem~1154             ; Stuck at GND due to stuck port data_in      ;
; cpu:u_cpu|ram:u_ram|mem~1178             ; Stuck at GND due to stuck port data_in      ;
; cpu:u_cpu|ram:u_ram|mem~1170             ; Stuck at GND due to stuck port data_in      ;
; cpu:u_cpu|ram:u_ram|mem~1194             ; Stuck at GND due to stuck port data_in      ;
; cpu:u_cpu|ram:u_ram|mem~1186             ; Stuck at GND due to stuck port data_in      ;
; cpu:u_cpu|ram:u_ram|mem~1210             ; Stuck at GND due to stuck port data_in      ;
; cpu:u_cpu|ram:u_ram|mem~1202             ; Stuck at GND due to stuck port data_in      ;
; cpu:u_cpu|ram:u_ram|mem~1226             ; Stuck at GND due to stuck port data_in      ;
; cpu:u_cpu|ram:u_ram|mem~1218             ; Stuck at GND due to stuck port data_in      ;
; cpu:u_cpu|ram:u_ram|mem~1242             ; Stuck at GND due to stuck port data_in      ;
; cpu:u_cpu|ram:u_ram|mem~1234             ; Stuck at GND due to stuck port data_in      ;
; cpu:u_cpu|ram:u_ram|mem~1258             ; Stuck at GND due to stuck port data_in      ;
; cpu:u_cpu|ram:u_ram|mem~1250             ; Stuck at GND due to stuck port data_in      ;
; cpu:u_cpu|ram:u_ram|mem~1274             ; Stuck at GND due to stuck port data_in      ;
; cpu:u_cpu|ram:u_ram|mem~1266             ; Stuck at GND due to stuck port data_in      ;
; cpu:u_cpu|ram:u_ram|mem~1290             ; Stuck at GND due to stuck port data_in      ;
; cpu:u_cpu|ram:u_ram|mem~1282             ; Stuck at GND due to stuck port data_in      ;
; cpu:u_cpu|ram:u_ram|mem~1306             ; Stuck at GND due to stuck port data_in      ;
; cpu:u_cpu|ram:u_ram|mem~1298             ; Stuck at GND due to stuck port data_in      ;
; cpu:u_cpu|ram:u_ram|mem~1322             ; Stuck at GND due to stuck port data_in      ;
; cpu:u_cpu|ram:u_ram|mem~1314             ; Stuck at GND due to stuck port data_in      ;
; cpu:u_cpu|ram:u_ram|mem~1338             ; Stuck at GND due to stuck port data_in      ;
; cpu:u_cpu|ram:u_ram|mem~1330             ; Stuck at GND due to stuck port data_in      ;
; cpu:u_cpu|ram:u_ram|mem~1354             ; Stuck at GND due to stuck port data_in      ;
; cpu:u_cpu|ram:u_ram|mem~1346             ; Stuck at GND due to stuck port data_in      ;
; cpu:u_cpu|ram:u_ram|mem~1370             ; Stuck at GND due to stuck port data_in      ;
; cpu:u_cpu|ram:u_ram|mem~1362             ; Stuck at GND due to stuck port data_in      ;
; cpu:u_cpu|ram:u_ram|mem~1386             ; Stuck at GND due to stuck port data_in      ;
; cpu:u_cpu|ram:u_ram|mem~1378             ; Stuck at GND due to stuck port data_in      ;
; cpu:u_cpu|ram:u_ram|mem~1402             ; Stuck at GND due to stuck port data_in      ;
; cpu:u_cpu|ram:u_ram|mem~1394             ; Stuck at GND due to stuck port data_in      ;
; cpu:u_cpu|ram:u_ram|mem~1418             ; Stuck at GND due to stuck port data_in      ;
; cpu:u_cpu|ram:u_ram|mem~1410             ; Stuck at GND due to stuck port data_in      ;
; cpu:u_cpu|ram:u_ram|mem~1434             ; Stuck at GND due to stuck port data_in      ;
; cpu:u_cpu|ram:u_ram|mem~1426             ; Stuck at GND due to stuck port data_in      ;
; cpu:u_cpu|ram:u_ram|mem~1450             ; Stuck at GND due to stuck port data_in      ;
; cpu:u_cpu|ram:u_ram|mem~1442             ; Stuck at GND due to stuck port data_in      ;
; cpu:u_cpu|ram:u_ram|mem~1466             ; Stuck at GND due to stuck port data_in      ;
; cpu:u_cpu|ram:u_ram|mem~1458             ; Stuck at GND due to stuck port data_in      ;
; cpu:u_cpu|ram:u_ram|mem~1482             ; Stuck at GND due to stuck port data_in      ;
; cpu:u_cpu|ram:u_ram|mem~1474             ; Stuck at GND due to stuck port data_in      ;
; cpu:u_cpu|ram:u_ram|mem~1498             ; Stuck at GND due to stuck port data_in      ;
; cpu:u_cpu|ram:u_ram|mem~1490             ; Stuck at GND due to stuck port data_in      ;
; cpu:u_cpu|ram:u_ram|mem~1514             ; Stuck at GND due to stuck port data_in      ;
; cpu:u_cpu|ram:u_ram|mem~1506             ; Stuck at GND due to stuck port data_in      ;
; cpu:u_cpu|ram:u_ram|mem~1530             ; Stuck at GND due to stuck port data_in      ;
; cpu:u_cpu|ram:u_ram|mem~1522             ; Stuck at GND due to stuck port data_in      ;
; cpu:u_cpu|ram:u_ram|mem~1546             ; Stuck at GND due to stuck port data_in      ;
; cpu:u_cpu|ram:u_ram|mem~1538             ; Stuck at GND due to stuck port data_in      ;
; cpu:u_cpu|ram:u_ram|mem~1562             ; Stuck at GND due to stuck port data_in      ;
; cpu:u_cpu|ram:u_ram|mem~1554             ; Stuck at GND due to stuck port data_in      ;
; cpu:u_cpu|ram:u_ram|mem~1578             ; Stuck at GND due to stuck port data_in      ;
; cpu:u_cpu|ram:u_ram|mem~1570             ; Stuck at GND due to stuck port data_in      ;
; cpu:u_cpu|ram:u_ram|mem~1594             ; Stuck at GND due to stuck port data_in      ;
; cpu:u_cpu|ram:u_ram|mem~1586             ; Stuck at GND due to stuck port data_in      ;
; cpu:u_cpu|ram:u_ram|mem~1610             ; Stuck at GND due to stuck port data_in      ;
; cpu:u_cpu|ram:u_ram|mem~1602             ; Stuck at GND due to stuck port data_in      ;
; cpu:u_cpu|ram:u_ram|mem~1626             ; Stuck at GND due to stuck port data_in      ;
; cpu:u_cpu|ram:u_ram|mem~1618             ; Stuck at GND due to stuck port data_in      ;
; cpu:u_cpu|ram:u_ram|mem~1642             ; Stuck at GND due to stuck port data_in      ;
; cpu:u_cpu|ram:u_ram|mem~1634             ; Stuck at GND due to stuck port data_in      ;
; cpu:u_cpu|ram:u_ram|mem~1658             ; Stuck at GND due to stuck port data_in      ;
; cpu:u_cpu|ram:u_ram|mem~1650             ; Stuck at GND due to stuck port data_in      ;
; cpu:u_cpu|ram:u_ram|mem~1674             ; Stuck at GND due to stuck port data_in      ;
; cpu:u_cpu|ram:u_ram|mem~1666             ; Stuck at GND due to stuck port data_in      ;
; cpu:u_cpu|ram:u_ram|mem~1690             ; Stuck at GND due to stuck port data_in      ;
; cpu:u_cpu|ram:u_ram|mem~1682             ; Stuck at GND due to stuck port data_in      ;
; cpu:u_cpu|ram:u_ram|mem~1706             ; Stuck at GND due to stuck port data_in      ;
; cpu:u_cpu|ram:u_ram|mem~1698             ; Stuck at GND due to stuck port data_in      ;
; cpu:u_cpu|ram:u_ram|mem~1722             ; Stuck at GND due to stuck port data_in      ;
; cpu:u_cpu|ram:u_ram|mem~1714             ; Stuck at GND due to stuck port data_in      ;
; cpu:u_cpu|ram:u_ram|mem~1738             ; Stuck at GND due to stuck port data_in      ;
; cpu:u_cpu|ram:u_ram|mem~1730             ; Stuck at GND due to stuck port data_in      ;
; cpu:u_cpu|ram:u_ram|mem~1754             ; Stuck at GND due to stuck port data_in      ;
; cpu:u_cpu|ram:u_ram|mem~1746             ; Stuck at GND due to stuck port data_in      ;
; cpu:u_cpu|ram:u_ram|mem~1770             ; Stuck at GND due to stuck port data_in      ;
; cpu:u_cpu|ram:u_ram|mem~1762             ; Stuck at GND due to stuck port data_in      ;
; cpu:u_cpu|ram:u_ram|mem~1786             ; Stuck at GND due to stuck port data_in      ;
; cpu:u_cpu|ram:u_ram|mem~1778             ; Stuck at GND due to stuck port data_in      ;
; cpu:u_cpu|ram:u_ram|mem~1802             ; Stuck at GND due to stuck port data_in      ;
; cpu:u_cpu|ram:u_ram|mem~1794             ; Stuck at GND due to stuck port data_in      ;
; cpu:u_cpu|ram:u_ram|mem~1818             ; Stuck at GND due to stuck port data_in      ;
; cpu:u_cpu|ram:u_ram|mem~1810             ; Stuck at GND due to stuck port data_in      ;
; cpu:u_cpu|ram:u_ram|mem~1834             ; Stuck at GND due to stuck port data_in      ;
; cpu:u_cpu|ram:u_ram|mem~1826             ; Stuck at GND due to stuck port data_in      ;
; cpu:u_cpu|ram:u_ram|mem~1850             ; Stuck at GND due to stuck port data_in      ;
; cpu:u_cpu|ram:u_ram|mem~1842             ; Stuck at GND due to stuck port data_in      ;
; cpu:u_cpu|ram:u_ram|mem~1866             ; Stuck at GND due to stuck port data_in      ;
; cpu:u_cpu|ram:u_ram|mem~1858             ; Stuck at GND due to stuck port data_in      ;
; cpu:u_cpu|ram:u_ram|mem~1882             ; Stuck at GND due to stuck port data_in      ;
; cpu:u_cpu|ram:u_ram|mem~1874             ; Stuck at GND due to stuck port data_in      ;
; cpu:u_cpu|ram:u_ram|mem~1898             ; Stuck at GND due to stuck port data_in      ;
; cpu:u_cpu|ram:u_ram|mem~1890             ; Stuck at GND due to stuck port data_in      ;
; cpu:u_cpu|ram:u_ram|mem~1914             ; Stuck at GND due to stuck port data_in      ;
; cpu:u_cpu|ram:u_ram|mem~1906             ; Stuck at GND due to stuck port data_in      ;
; cpu:u_cpu|ram:u_ram|mem~1930             ; Stuck at GND due to stuck port data_in      ;
; cpu:u_cpu|ram:u_ram|mem~1922             ; Stuck at GND due to stuck port data_in      ;
; cpu:u_cpu|ram:u_ram|mem~1946             ; Stuck at GND due to stuck port data_in      ;
; cpu:u_cpu|ram:u_ram|mem~1938             ; Stuck at GND due to stuck port data_in      ;
; cpu:u_cpu|ram:u_ram|mem~1962             ; Stuck at GND due to stuck port data_in      ;
; cpu:u_cpu|ram:u_ram|mem~1954             ; Stuck at GND due to stuck port data_in      ;
; cpu:u_cpu|ram:u_ram|mem~1978             ; Stuck at GND due to stuck port data_in      ;
; cpu:u_cpu|ram:u_ram|mem~1970             ; Stuck at GND due to stuck port data_in      ;
; cpu:u_cpu|ram:u_ram|mem~1994             ; Stuck at GND due to stuck port data_in      ;
; cpu:u_cpu|ram:u_ram|mem~1986             ; Stuck at GND due to stuck port data_in      ;
; cpu:u_cpu|ram:u_ram|mem~2010             ; Stuck at GND due to stuck port data_in      ;
; cpu:u_cpu|ram:u_ram|mem~2002             ; Stuck at GND due to stuck port data_in      ;
; cpu:u_cpu|ram:u_ram|mem~2026             ; Stuck at GND due to stuck port data_in      ;
; cpu:u_cpu|ram:u_ram|mem~2018             ; Stuck at GND due to stuck port data_in      ;
; cpu:u_cpu|ram:u_ram|mem~2042             ; Stuck at GND due to stuck port data_in      ;
; cpu:u_cpu|ram:u_ram|mem~2034             ; Stuck at GND due to stuck port data_in      ;
; cpu:u_cpu|ram:u_ram|mem~9                ; Stuck at GND due to stuck port data_in      ;
; cpu:u_cpu|ram:u_ram|mem~1                ; Stuck at GND due to stuck port data_in      ;
; cpu:u_cpu|ram:u_ram|mem~25               ; Stuck at GND due to stuck port data_in      ;
; cpu:u_cpu|ram:u_ram|mem~17               ; Stuck at GND due to stuck port data_in      ;
; cpu:u_cpu|ram:u_ram|mem~41               ; Stuck at GND due to stuck port data_in      ;
; cpu:u_cpu|ram:u_ram|mem~33               ; Stuck at GND due to stuck port data_in      ;
; cpu:u_cpu|ram:u_ram|mem~57               ; Stuck at GND due to stuck port data_in      ;
; cpu:u_cpu|ram:u_ram|mem~49               ; Stuck at GND due to stuck port data_in      ;
; cpu:u_cpu|ram:u_ram|mem~73               ; Stuck at GND due to stuck port data_in      ;
; cpu:u_cpu|ram:u_ram|mem~65               ; Stuck at GND due to stuck port data_in      ;
; cpu:u_cpu|ram:u_ram|mem~89               ; Stuck at GND due to stuck port data_in      ;
; cpu:u_cpu|ram:u_ram|mem~81               ; Stuck at GND due to stuck port data_in      ;
; cpu:u_cpu|ram:u_ram|mem~105              ; Stuck at GND due to stuck port data_in      ;
; cpu:u_cpu|ram:u_ram|mem~97               ; Stuck at GND due to stuck port data_in      ;
; cpu:u_cpu|ram:u_ram|mem~121              ; Stuck at GND due to stuck port data_in      ;
; cpu:u_cpu|ram:u_ram|mem~113              ; Stuck at GND due to stuck port data_in      ;
; cpu:u_cpu|ram:u_ram|mem~137              ; Stuck at GND due to stuck port data_in      ;
; cpu:u_cpu|ram:u_ram|mem~129              ; Stuck at GND due to stuck port data_in      ;
; cpu:u_cpu|ram:u_ram|mem~153              ; Stuck at GND due to stuck port data_in      ;
; cpu:u_cpu|ram:u_ram|mem~145              ; Stuck at GND due to stuck port data_in      ;
; cpu:u_cpu|ram:u_ram|mem~169              ; Stuck at GND due to stuck port data_in      ;
; cpu:u_cpu|ram:u_ram|mem~161              ; Stuck at GND due to stuck port data_in      ;
; cpu:u_cpu|ram:u_ram|mem~185              ; Stuck at GND due to stuck port data_in      ;
; cpu:u_cpu|ram:u_ram|mem~177              ; Stuck at GND due to stuck port data_in      ;
; cpu:u_cpu|ram:u_ram|mem~201              ; Stuck at GND due to stuck port data_in      ;
; cpu:u_cpu|ram:u_ram|mem~193              ; Stuck at GND due to stuck port data_in      ;
; cpu:u_cpu|ram:u_ram|mem~217              ; Stuck at GND due to stuck port data_in      ;
; cpu:u_cpu|ram:u_ram|mem~209              ; Stuck at GND due to stuck port data_in      ;
; cpu:u_cpu|ram:u_ram|mem~233              ; Stuck at GND due to stuck port data_in      ;
; cpu:u_cpu|ram:u_ram|mem~225              ; Stuck at GND due to stuck port data_in      ;
; cpu:u_cpu|ram:u_ram|mem~249              ; Stuck at GND due to stuck port data_in      ;
; cpu:u_cpu|ram:u_ram|mem~241              ; Stuck at GND due to stuck port data_in      ;
; cpu:u_cpu|ram:u_ram|mem~265              ; Stuck at GND due to stuck port data_in      ;
; cpu:u_cpu|ram:u_ram|mem~257              ; Stuck at GND due to stuck port data_in      ;
; cpu:u_cpu|ram:u_ram|mem~281              ; Stuck at GND due to stuck port data_in      ;
; cpu:u_cpu|ram:u_ram|mem~273              ; Stuck at GND due to stuck port data_in      ;
; cpu:u_cpu|ram:u_ram|mem~297              ; Stuck at GND due to stuck port data_in      ;
; cpu:u_cpu|ram:u_ram|mem~289              ; Stuck at GND due to stuck port data_in      ;
; cpu:u_cpu|ram:u_ram|mem~313              ; Stuck at GND due to stuck port data_in      ;
; cpu:u_cpu|ram:u_ram|mem~305              ; Stuck at GND due to stuck port data_in      ;
; cpu:u_cpu|ram:u_ram|mem~329              ; Stuck at GND due to stuck port data_in      ;
; cpu:u_cpu|ram:u_ram|mem~321              ; Stuck at GND due to stuck port data_in      ;
; cpu:u_cpu|ram:u_ram|mem~345              ; Stuck at GND due to stuck port data_in      ;
; cpu:u_cpu|ram:u_ram|mem~337              ; Stuck at GND due to stuck port data_in      ;
; cpu:u_cpu|ram:u_ram|mem~361              ; Stuck at GND due to stuck port data_in      ;
; cpu:u_cpu|ram:u_ram|mem~353              ; Stuck at GND due to stuck port data_in      ;
; cpu:u_cpu|ram:u_ram|mem~377              ; Stuck at GND due to stuck port data_in      ;
; cpu:u_cpu|ram:u_ram|mem~369              ; Stuck at GND due to stuck port data_in      ;
; cpu:u_cpu|ram:u_ram|mem~393              ; Stuck at GND due to stuck port data_in      ;
; cpu:u_cpu|ram:u_ram|mem~385              ; Stuck at GND due to stuck port data_in      ;
; cpu:u_cpu|ram:u_ram|mem~409              ; Stuck at GND due to stuck port data_in      ;
; cpu:u_cpu|ram:u_ram|mem~401              ; Stuck at GND due to stuck port data_in      ;
; cpu:u_cpu|ram:u_ram|mem~425              ; Stuck at GND due to stuck port data_in      ;
; cpu:u_cpu|ram:u_ram|mem~417              ; Stuck at GND due to stuck port data_in      ;
; cpu:u_cpu|ram:u_ram|mem~441              ; Stuck at GND due to stuck port data_in      ;
; cpu:u_cpu|ram:u_ram|mem~433              ; Stuck at GND due to stuck port data_in      ;
; cpu:u_cpu|ram:u_ram|mem~457              ; Stuck at GND due to stuck port data_in      ;
; cpu:u_cpu|ram:u_ram|mem~449              ; Stuck at GND due to stuck port data_in      ;
; cpu:u_cpu|ram:u_ram|mem~473              ; Stuck at GND due to stuck port data_in      ;
; cpu:u_cpu|ram:u_ram|mem~465              ; Stuck at GND due to stuck port data_in      ;
; cpu:u_cpu|ram:u_ram|mem~489              ; Stuck at GND due to stuck port data_in      ;
; cpu:u_cpu|ram:u_ram|mem~481              ; Stuck at GND due to stuck port data_in      ;
; cpu:u_cpu|ram:u_ram|mem~505              ; Stuck at GND due to stuck port data_in      ;
; cpu:u_cpu|ram:u_ram|mem~497              ; Stuck at GND due to stuck port data_in      ;
; cpu:u_cpu|ram:u_ram|mem~521              ; Stuck at GND due to stuck port data_in      ;
; cpu:u_cpu|ram:u_ram|mem~513              ; Stuck at GND due to stuck port data_in      ;
; cpu:u_cpu|ram:u_ram|mem~537              ; Stuck at GND due to stuck port data_in      ;
; cpu:u_cpu|ram:u_ram|mem~529              ; Stuck at GND due to stuck port data_in      ;
; cpu:u_cpu|ram:u_ram|mem~553              ; Stuck at GND due to stuck port data_in      ;
; cpu:u_cpu|ram:u_ram|mem~545              ; Stuck at GND due to stuck port data_in      ;
; cpu:u_cpu|ram:u_ram|mem~569              ; Stuck at GND due to stuck port data_in      ;
; cpu:u_cpu|ram:u_ram|mem~561              ; Stuck at GND due to stuck port data_in      ;
; cpu:u_cpu|ram:u_ram|mem~585              ; Stuck at GND due to stuck port data_in      ;
; cpu:u_cpu|ram:u_ram|mem~577              ; Stuck at GND due to stuck port data_in      ;
; cpu:u_cpu|ram:u_ram|mem~601              ; Stuck at GND due to stuck port data_in      ;
; cpu:u_cpu|ram:u_ram|mem~593              ; Stuck at GND due to stuck port data_in      ;
; cpu:u_cpu|ram:u_ram|mem~617              ; Stuck at GND due to stuck port data_in      ;
; cpu:u_cpu|ram:u_ram|mem~609              ; Stuck at GND due to stuck port data_in      ;
; cpu:u_cpu|ram:u_ram|mem~633              ; Stuck at GND due to stuck port data_in      ;
; cpu:u_cpu|ram:u_ram|mem~625              ; Stuck at GND due to stuck port data_in      ;
; cpu:u_cpu|ram:u_ram|mem~649              ; Stuck at GND due to stuck port data_in      ;
; cpu:u_cpu|ram:u_ram|mem~641              ; Stuck at GND due to stuck port data_in      ;
; cpu:u_cpu|ram:u_ram|mem~665              ; Stuck at GND due to stuck port data_in      ;
; cpu:u_cpu|ram:u_ram|mem~657              ; Stuck at GND due to stuck port data_in      ;
; cpu:u_cpu|ram:u_ram|mem~681              ; Stuck at GND due to stuck port data_in      ;
; cpu:u_cpu|ram:u_ram|mem~673              ; Stuck at GND due to stuck port data_in      ;
; cpu:u_cpu|ram:u_ram|mem~697              ; Stuck at GND due to stuck port data_in      ;
; cpu:u_cpu|ram:u_ram|mem~689              ; Stuck at GND due to stuck port data_in      ;
; cpu:u_cpu|ram:u_ram|mem~713              ; Stuck at GND due to stuck port data_in      ;
; cpu:u_cpu|ram:u_ram|mem~705              ; Stuck at GND due to stuck port data_in      ;
; cpu:u_cpu|ram:u_ram|mem~729              ; Stuck at GND due to stuck port data_in      ;
; cpu:u_cpu|ram:u_ram|mem~721              ; Stuck at GND due to stuck port data_in      ;
; cpu:u_cpu|ram:u_ram|mem~745              ; Stuck at GND due to stuck port data_in      ;
; cpu:u_cpu|ram:u_ram|mem~737              ; Stuck at GND due to stuck port data_in      ;
; cpu:u_cpu|ram:u_ram|mem~761              ; Stuck at GND due to stuck port data_in      ;
; cpu:u_cpu|ram:u_ram|mem~753              ; Stuck at GND due to stuck port data_in      ;
; cpu:u_cpu|ram:u_ram|mem~777              ; Stuck at GND due to stuck port data_in      ;
; cpu:u_cpu|ram:u_ram|mem~769              ; Stuck at GND due to stuck port data_in      ;
; cpu:u_cpu|ram:u_ram|mem~793              ; Stuck at GND due to stuck port data_in      ;
; cpu:u_cpu|ram:u_ram|mem~785              ; Stuck at GND due to stuck port data_in      ;
; cpu:u_cpu|ram:u_ram|mem~809              ; Stuck at GND due to stuck port data_in      ;
; cpu:u_cpu|ram:u_ram|mem~801              ; Stuck at GND due to stuck port data_in      ;
; cpu:u_cpu|ram:u_ram|mem~825              ; Stuck at GND due to stuck port data_in      ;
; cpu:u_cpu|ram:u_ram|mem~817              ; Stuck at GND due to stuck port data_in      ;
; cpu:u_cpu|ram:u_ram|mem~841              ; Stuck at GND due to stuck port data_in      ;
; cpu:u_cpu|ram:u_ram|mem~833              ; Stuck at GND due to stuck port data_in      ;
; cpu:u_cpu|ram:u_ram|mem~857              ; Stuck at GND due to stuck port data_in      ;
; cpu:u_cpu|ram:u_ram|mem~849              ; Stuck at GND due to stuck port data_in      ;
; cpu:u_cpu|ram:u_ram|mem~873              ; Stuck at GND due to stuck port data_in      ;
; cpu:u_cpu|ram:u_ram|mem~865              ; Stuck at GND due to stuck port data_in      ;
; cpu:u_cpu|ram:u_ram|mem~889              ; Stuck at GND due to stuck port data_in      ;
; cpu:u_cpu|ram:u_ram|mem~881              ; Stuck at GND due to stuck port data_in      ;
; cpu:u_cpu|ram:u_ram|mem~905              ; Stuck at GND due to stuck port data_in      ;
; cpu:u_cpu|ram:u_ram|mem~897              ; Stuck at GND due to stuck port data_in      ;
; cpu:u_cpu|ram:u_ram|mem~921              ; Stuck at GND due to stuck port data_in      ;
; cpu:u_cpu|ram:u_ram|mem~913              ; Stuck at GND due to stuck port data_in      ;
; cpu:u_cpu|ram:u_ram|mem~937              ; Stuck at GND due to stuck port data_in      ;
; cpu:u_cpu|ram:u_ram|mem~929              ; Stuck at GND due to stuck port data_in      ;
; cpu:u_cpu|ram:u_ram|mem~953              ; Stuck at GND due to stuck port data_in      ;
; cpu:u_cpu|ram:u_ram|mem~945              ; Stuck at GND due to stuck port data_in      ;
; cpu:u_cpu|ram:u_ram|mem~969              ; Stuck at GND due to stuck port data_in      ;
; cpu:u_cpu|ram:u_ram|mem~961              ; Stuck at GND due to stuck port data_in      ;
; cpu:u_cpu|ram:u_ram|mem~985              ; Stuck at GND due to stuck port data_in      ;
; cpu:u_cpu|ram:u_ram|mem~977              ; Stuck at GND due to stuck port data_in      ;
; cpu:u_cpu|ram:u_ram|mem~1001             ; Stuck at GND due to stuck port data_in      ;
; cpu:u_cpu|ram:u_ram|mem~993              ; Stuck at GND due to stuck port data_in      ;
; cpu:u_cpu|ram:u_ram|mem~1017             ; Stuck at GND due to stuck port data_in      ;
; cpu:u_cpu|ram:u_ram|mem~1009             ; Stuck at GND due to stuck port data_in      ;
; cpu:u_cpu|ram:u_ram|mem~1033             ; Stuck at GND due to stuck port data_in      ;
; cpu:u_cpu|ram:u_ram|mem~1025             ; Stuck at GND due to stuck port data_in      ;
; cpu:u_cpu|ram:u_ram|mem~1049             ; Stuck at GND due to stuck port data_in      ;
; cpu:u_cpu|ram:u_ram|mem~1041             ; Stuck at GND due to stuck port data_in      ;
; cpu:u_cpu|ram:u_ram|mem~1065             ; Stuck at GND due to stuck port data_in      ;
; cpu:u_cpu|ram:u_ram|mem~1057             ; Stuck at GND due to stuck port data_in      ;
; cpu:u_cpu|ram:u_ram|mem~1081             ; Stuck at GND due to stuck port data_in      ;
; cpu:u_cpu|ram:u_ram|mem~1073             ; Stuck at GND due to stuck port data_in      ;
; cpu:u_cpu|ram:u_ram|mem~1097             ; Stuck at GND due to stuck port data_in      ;
; cpu:u_cpu|ram:u_ram|mem~1089             ; Stuck at GND due to stuck port data_in      ;
; cpu:u_cpu|ram:u_ram|mem~1113             ; Stuck at GND due to stuck port data_in      ;
; cpu:u_cpu|ram:u_ram|mem~1105             ; Stuck at GND due to stuck port data_in      ;
; cpu:u_cpu|ram:u_ram|mem~1129             ; Stuck at GND due to stuck port data_in      ;
; cpu:u_cpu|ram:u_ram|mem~1121             ; Stuck at GND due to stuck port data_in      ;
; cpu:u_cpu|ram:u_ram|mem~1145             ; Stuck at GND due to stuck port data_in      ;
; cpu:u_cpu|ram:u_ram|mem~1137             ; Stuck at GND due to stuck port data_in      ;
; cpu:u_cpu|ram:u_ram|mem~1161             ; Stuck at GND due to stuck port data_in      ;
; cpu:u_cpu|ram:u_ram|mem~1153             ; Stuck at GND due to stuck port data_in      ;
; cpu:u_cpu|ram:u_ram|mem~1177             ; Stuck at GND due to stuck port data_in      ;
; cpu:u_cpu|ram:u_ram|mem~1169             ; Stuck at GND due to stuck port data_in      ;
; cpu:u_cpu|ram:u_ram|mem~1193             ; Stuck at GND due to stuck port data_in      ;
; cpu:u_cpu|ram:u_ram|mem~1185             ; Stuck at GND due to stuck port data_in      ;
; cpu:u_cpu|ram:u_ram|mem~1209             ; Stuck at GND due to stuck port data_in      ;
; cpu:u_cpu|ram:u_ram|mem~1201             ; Stuck at GND due to stuck port data_in      ;
; cpu:u_cpu|ram:u_ram|mem~1225             ; Stuck at GND due to stuck port data_in      ;
; cpu:u_cpu|ram:u_ram|mem~1217             ; Stuck at GND due to stuck port data_in      ;
; cpu:u_cpu|ram:u_ram|mem~1241             ; Stuck at GND due to stuck port data_in      ;
; cpu:u_cpu|ram:u_ram|mem~1233             ; Stuck at GND due to stuck port data_in      ;
; cpu:u_cpu|ram:u_ram|mem~1257             ; Stuck at GND due to stuck port data_in      ;
; cpu:u_cpu|ram:u_ram|mem~1249             ; Stuck at GND due to stuck port data_in      ;
; cpu:u_cpu|ram:u_ram|mem~1273             ; Stuck at GND due to stuck port data_in      ;
; cpu:u_cpu|ram:u_ram|mem~1265             ; Stuck at GND due to stuck port data_in      ;
; cpu:u_cpu|ram:u_ram|mem~1289             ; Stuck at GND due to stuck port data_in      ;
; cpu:u_cpu|ram:u_ram|mem~1281             ; Stuck at GND due to stuck port data_in      ;
; cpu:u_cpu|ram:u_ram|mem~1305             ; Stuck at GND due to stuck port data_in      ;
; cpu:u_cpu|ram:u_ram|mem~1297             ; Stuck at GND due to stuck port data_in      ;
; cpu:u_cpu|ram:u_ram|mem~1321             ; Stuck at GND due to stuck port data_in      ;
; cpu:u_cpu|ram:u_ram|mem~1313             ; Stuck at GND due to stuck port data_in      ;
; cpu:u_cpu|ram:u_ram|mem~1337             ; Stuck at GND due to stuck port data_in      ;
; cpu:u_cpu|ram:u_ram|mem~1329             ; Stuck at GND due to stuck port data_in      ;
; cpu:u_cpu|ram:u_ram|mem~1353             ; Stuck at GND due to stuck port data_in      ;
; cpu:u_cpu|ram:u_ram|mem~1345             ; Stuck at GND due to stuck port data_in      ;
; cpu:u_cpu|ram:u_ram|mem~1369             ; Stuck at GND due to stuck port data_in      ;
; cpu:u_cpu|ram:u_ram|mem~1361             ; Stuck at GND due to stuck port data_in      ;
; cpu:u_cpu|ram:u_ram|mem~1385             ; Stuck at GND due to stuck port data_in      ;
; cpu:u_cpu|ram:u_ram|mem~1377             ; Stuck at GND due to stuck port data_in      ;
; cpu:u_cpu|ram:u_ram|mem~1401             ; Stuck at GND due to stuck port data_in      ;
; cpu:u_cpu|ram:u_ram|mem~1393             ; Stuck at GND due to stuck port data_in      ;
; cpu:u_cpu|ram:u_ram|mem~1417             ; Stuck at GND due to stuck port data_in      ;
; cpu:u_cpu|ram:u_ram|mem~1409             ; Stuck at GND due to stuck port data_in      ;
; cpu:u_cpu|ram:u_ram|mem~1433             ; Stuck at GND due to stuck port data_in      ;
; cpu:u_cpu|ram:u_ram|mem~1425             ; Stuck at GND due to stuck port data_in      ;
; cpu:u_cpu|ram:u_ram|mem~1449             ; Stuck at GND due to stuck port data_in      ;
; cpu:u_cpu|ram:u_ram|mem~1441             ; Stuck at GND due to stuck port data_in      ;
; cpu:u_cpu|ram:u_ram|mem~1465             ; Stuck at GND due to stuck port data_in      ;
; cpu:u_cpu|ram:u_ram|mem~1457             ; Stuck at GND due to stuck port data_in      ;
; cpu:u_cpu|ram:u_ram|mem~1481             ; Stuck at GND due to stuck port data_in      ;
; cpu:u_cpu|ram:u_ram|mem~1473             ; Stuck at GND due to stuck port data_in      ;
; cpu:u_cpu|ram:u_ram|mem~1497             ; Stuck at GND due to stuck port data_in      ;
; cpu:u_cpu|ram:u_ram|mem~1489             ; Stuck at GND due to stuck port data_in      ;
; cpu:u_cpu|ram:u_ram|mem~1513             ; Stuck at GND due to stuck port data_in      ;
; cpu:u_cpu|ram:u_ram|mem~1505             ; Stuck at GND due to stuck port data_in      ;
; cpu:u_cpu|ram:u_ram|mem~1529             ; Stuck at GND due to stuck port data_in      ;
; cpu:u_cpu|ram:u_ram|mem~1521             ; Stuck at GND due to stuck port data_in      ;
; cpu:u_cpu|ram:u_ram|mem~1545             ; Stuck at GND due to stuck port data_in      ;
; cpu:u_cpu|ram:u_ram|mem~1537             ; Stuck at GND due to stuck port data_in      ;
; cpu:u_cpu|ram:u_ram|mem~1561             ; Stuck at GND due to stuck port data_in      ;
; cpu:u_cpu|ram:u_ram|mem~1553             ; Stuck at GND due to stuck port data_in      ;
; cpu:u_cpu|ram:u_ram|mem~1577             ; Stuck at GND due to stuck port data_in      ;
; cpu:u_cpu|ram:u_ram|mem~1569             ; Stuck at GND due to stuck port data_in      ;
; cpu:u_cpu|ram:u_ram|mem~1593             ; Stuck at GND due to stuck port data_in      ;
; cpu:u_cpu|ram:u_ram|mem~1585             ; Stuck at GND due to stuck port data_in      ;
; cpu:u_cpu|ram:u_ram|mem~1609             ; Stuck at GND due to stuck port data_in      ;
; cpu:u_cpu|ram:u_ram|mem~1601             ; Stuck at GND due to stuck port data_in      ;
; cpu:u_cpu|ram:u_ram|mem~1625             ; Stuck at GND due to stuck port data_in      ;
; cpu:u_cpu|ram:u_ram|mem~1617             ; Stuck at GND due to stuck port data_in      ;
; cpu:u_cpu|ram:u_ram|mem~1641             ; Stuck at GND due to stuck port data_in      ;
; cpu:u_cpu|ram:u_ram|mem~1633             ; Stuck at GND due to stuck port data_in      ;
; cpu:u_cpu|ram:u_ram|mem~1657             ; Stuck at GND due to stuck port data_in      ;
; cpu:u_cpu|ram:u_ram|mem~1649             ; Stuck at GND due to stuck port data_in      ;
; cpu:u_cpu|ram:u_ram|mem~1673             ; Stuck at GND due to stuck port data_in      ;
; cpu:u_cpu|ram:u_ram|mem~1665             ; Stuck at GND due to stuck port data_in      ;
; cpu:u_cpu|ram:u_ram|mem~1689             ; Stuck at GND due to stuck port data_in      ;
; cpu:u_cpu|ram:u_ram|mem~1681             ; Stuck at GND due to stuck port data_in      ;
; cpu:u_cpu|ram:u_ram|mem~1705             ; Stuck at GND due to stuck port data_in      ;
; cpu:u_cpu|ram:u_ram|mem~1697             ; Stuck at GND due to stuck port data_in      ;
; cpu:u_cpu|ram:u_ram|mem~1721             ; Stuck at GND due to stuck port data_in      ;
; cpu:u_cpu|ram:u_ram|mem~1713             ; Stuck at GND due to stuck port data_in      ;
; cpu:u_cpu|ram:u_ram|mem~1737             ; Stuck at GND due to stuck port data_in      ;
; cpu:u_cpu|ram:u_ram|mem~1729             ; Stuck at GND due to stuck port data_in      ;
; cpu:u_cpu|ram:u_ram|mem~1753             ; Stuck at GND due to stuck port data_in      ;
; cpu:u_cpu|ram:u_ram|mem~1745             ; Stuck at GND due to stuck port data_in      ;
; cpu:u_cpu|ram:u_ram|mem~1769             ; Stuck at GND due to stuck port data_in      ;
; cpu:u_cpu|ram:u_ram|mem~1761             ; Stuck at GND due to stuck port data_in      ;
; cpu:u_cpu|ram:u_ram|mem~1785             ; Stuck at GND due to stuck port data_in      ;
; cpu:u_cpu|ram:u_ram|mem~1777             ; Stuck at GND due to stuck port data_in      ;
; cpu:u_cpu|ram:u_ram|mem~1801             ; Stuck at GND due to stuck port data_in      ;
; cpu:u_cpu|ram:u_ram|mem~1793             ; Stuck at GND due to stuck port data_in      ;
; cpu:u_cpu|ram:u_ram|mem~1817             ; Stuck at GND due to stuck port data_in      ;
; cpu:u_cpu|ram:u_ram|mem~1809             ; Stuck at GND due to stuck port data_in      ;
; cpu:u_cpu|ram:u_ram|mem~1833             ; Stuck at GND due to stuck port data_in      ;
; cpu:u_cpu|ram:u_ram|mem~1825             ; Stuck at GND due to stuck port data_in      ;
; cpu:u_cpu|ram:u_ram|mem~1849             ; Stuck at GND due to stuck port data_in      ;
; cpu:u_cpu|ram:u_ram|mem~1841             ; Stuck at GND due to stuck port data_in      ;
; cpu:u_cpu|ram:u_ram|mem~1865             ; Stuck at GND due to stuck port data_in      ;
; cpu:u_cpu|ram:u_ram|mem~1857             ; Stuck at GND due to stuck port data_in      ;
; cpu:u_cpu|ram:u_ram|mem~1881             ; Stuck at GND due to stuck port data_in      ;
; cpu:u_cpu|ram:u_ram|mem~1873             ; Stuck at GND due to stuck port data_in      ;
; cpu:u_cpu|ram:u_ram|mem~1897             ; Stuck at GND due to stuck port data_in      ;
; cpu:u_cpu|ram:u_ram|mem~1889             ; Stuck at GND due to stuck port data_in      ;
; cpu:u_cpu|ram:u_ram|mem~1913             ; Stuck at GND due to stuck port data_in      ;
; cpu:u_cpu|ram:u_ram|mem~1905             ; Stuck at GND due to stuck port data_in      ;
; cpu:u_cpu|ram:u_ram|mem~1929             ; Stuck at GND due to stuck port data_in      ;
; cpu:u_cpu|ram:u_ram|mem~1921             ; Stuck at GND due to stuck port data_in      ;
; cpu:u_cpu|ram:u_ram|mem~1945             ; Stuck at GND due to stuck port data_in      ;
; cpu:u_cpu|ram:u_ram|mem~1937             ; Stuck at GND due to stuck port data_in      ;
; cpu:u_cpu|ram:u_ram|mem~1961             ; Stuck at GND due to stuck port data_in      ;
; cpu:u_cpu|ram:u_ram|mem~1953             ; Stuck at GND due to stuck port data_in      ;
; cpu:u_cpu|ram:u_ram|mem~1977             ; Stuck at GND due to stuck port data_in      ;
; cpu:u_cpu|ram:u_ram|mem~1969             ; Stuck at GND due to stuck port data_in      ;
; cpu:u_cpu|ram:u_ram|mem~1993             ; Stuck at GND due to stuck port data_in      ;
; cpu:u_cpu|ram:u_ram|mem~1985             ; Stuck at GND due to stuck port data_in      ;
; cpu:u_cpu|ram:u_ram|mem~2009             ; Stuck at GND due to stuck port data_in      ;
; cpu:u_cpu|ram:u_ram|mem~2001             ; Stuck at GND due to stuck port data_in      ;
; cpu:u_cpu|ram:u_ram|mem~2025             ; Stuck at GND due to stuck port data_in      ;
; cpu:u_cpu|ram:u_ram|mem~2017             ; Stuck at GND due to stuck port data_in      ;
; cpu:u_cpu|ram:u_ram|mem~2041             ; Stuck at GND due to stuck port data_in      ;
; cpu:u_cpu|ram:u_ram|mem~2033             ; Stuck at GND due to stuck port data_in      ;
; cpu:u_cpu|ram:u_ram|mem~8                ; Stuck at GND due to stuck port data_in      ;
; cpu:u_cpu|ram:u_ram|mem~0                ; Stuck at GND due to stuck port data_in      ;
; cpu:u_cpu|ram:u_ram|mem~24               ; Stuck at GND due to stuck port data_in      ;
; cpu:u_cpu|ram:u_ram|mem~16               ; Stuck at GND due to stuck port data_in      ;
; cpu:u_cpu|ram:u_ram|mem~40               ; Stuck at GND due to stuck port data_in      ;
; cpu:u_cpu|ram:u_ram|mem~32               ; Stuck at GND due to stuck port data_in      ;
; cpu:u_cpu|ram:u_ram|mem~56               ; Stuck at GND due to stuck port data_in      ;
; cpu:u_cpu|ram:u_ram|mem~48               ; Stuck at GND due to stuck port data_in      ;
; cpu:u_cpu|ram:u_ram|mem~72               ; Stuck at GND due to stuck port data_in      ;
; cpu:u_cpu|ram:u_ram|mem~64               ; Stuck at GND due to stuck port data_in      ;
; cpu:u_cpu|ram:u_ram|mem~88               ; Stuck at GND due to stuck port data_in      ;
; cpu:u_cpu|ram:u_ram|mem~80               ; Stuck at GND due to stuck port data_in      ;
; cpu:u_cpu|ram:u_ram|mem~104              ; Stuck at GND due to stuck port data_in      ;
; cpu:u_cpu|ram:u_ram|mem~96               ; Stuck at GND due to stuck port data_in      ;
; cpu:u_cpu|ram:u_ram|mem~120              ; Stuck at GND due to stuck port data_in      ;
; cpu:u_cpu|ram:u_ram|mem~112              ; Stuck at GND due to stuck port data_in      ;
; cpu:u_cpu|ram:u_ram|mem~136              ; Stuck at GND due to stuck port data_in      ;
; cpu:u_cpu|ram:u_ram|mem~128              ; Stuck at GND due to stuck port data_in      ;
; cpu:u_cpu|ram:u_ram|mem~152              ; Stuck at GND due to stuck port data_in      ;
; cpu:u_cpu|ram:u_ram|mem~144              ; Stuck at GND due to stuck port data_in      ;
; cpu:u_cpu|ram:u_ram|mem~168              ; Stuck at GND due to stuck port data_in      ;
; cpu:u_cpu|ram:u_ram|mem~160              ; Stuck at GND due to stuck port data_in      ;
; cpu:u_cpu|ram:u_ram|mem~184              ; Stuck at GND due to stuck port data_in      ;
; cpu:u_cpu|ram:u_ram|mem~176              ; Stuck at GND due to stuck port data_in      ;
; cpu:u_cpu|ram:u_ram|mem~200              ; Stuck at GND due to stuck port data_in      ;
; cpu:u_cpu|ram:u_ram|mem~192              ; Stuck at GND due to stuck port data_in      ;
; cpu:u_cpu|ram:u_ram|mem~216              ; Stuck at GND due to stuck port data_in      ;
; cpu:u_cpu|ram:u_ram|mem~208              ; Stuck at GND due to stuck port data_in      ;
; cpu:u_cpu|ram:u_ram|mem~232              ; Stuck at GND due to stuck port data_in      ;
; cpu:u_cpu|ram:u_ram|mem~224              ; Stuck at GND due to stuck port data_in      ;
; cpu:u_cpu|ram:u_ram|mem~248              ; Stuck at GND due to stuck port data_in      ;
; cpu:u_cpu|ram:u_ram|mem~240              ; Stuck at GND due to stuck port data_in      ;
; cpu:u_cpu|ram:u_ram|mem~264              ; Stuck at GND due to stuck port data_in      ;
; cpu:u_cpu|ram:u_ram|mem~256              ; Stuck at GND due to stuck port data_in      ;
; cpu:u_cpu|ram:u_ram|mem~280              ; Stuck at GND due to stuck port data_in      ;
; cpu:u_cpu|ram:u_ram|mem~272              ; Stuck at GND due to stuck port data_in      ;
; cpu:u_cpu|ram:u_ram|mem~296              ; Stuck at GND due to stuck port data_in      ;
; cpu:u_cpu|ram:u_ram|mem~288              ; Stuck at GND due to stuck port data_in      ;
; cpu:u_cpu|ram:u_ram|mem~312              ; Stuck at GND due to stuck port data_in      ;
; cpu:u_cpu|ram:u_ram|mem~304              ; Stuck at GND due to stuck port data_in      ;
; cpu:u_cpu|ram:u_ram|mem~328              ; Stuck at GND due to stuck port data_in      ;
; cpu:u_cpu|ram:u_ram|mem~320              ; Stuck at GND due to stuck port data_in      ;
; cpu:u_cpu|ram:u_ram|mem~344              ; Stuck at GND due to stuck port data_in      ;
; cpu:u_cpu|ram:u_ram|mem~336              ; Stuck at GND due to stuck port data_in      ;
; cpu:u_cpu|ram:u_ram|mem~360              ; Stuck at GND due to stuck port data_in      ;
; cpu:u_cpu|ram:u_ram|mem~352              ; Stuck at GND due to stuck port data_in      ;
; cpu:u_cpu|ram:u_ram|mem~376              ; Stuck at GND due to stuck port data_in      ;
; cpu:u_cpu|ram:u_ram|mem~368              ; Stuck at GND due to stuck port data_in      ;
; cpu:u_cpu|ram:u_ram|mem~392              ; Stuck at GND due to stuck port data_in      ;
; cpu:u_cpu|ram:u_ram|mem~384              ; Stuck at GND due to stuck port data_in      ;
; cpu:u_cpu|ram:u_ram|mem~408              ; Stuck at GND due to stuck port data_in      ;
; cpu:u_cpu|ram:u_ram|mem~400              ; Stuck at GND due to stuck port data_in      ;
; cpu:u_cpu|ram:u_ram|mem~424              ; Stuck at GND due to stuck port data_in      ;
; cpu:u_cpu|ram:u_ram|mem~416              ; Stuck at GND due to stuck port data_in      ;
; cpu:u_cpu|ram:u_ram|mem~440              ; Stuck at GND due to stuck port data_in      ;
; cpu:u_cpu|ram:u_ram|mem~432              ; Stuck at GND due to stuck port data_in      ;
; cpu:u_cpu|ram:u_ram|mem~456              ; Stuck at GND due to stuck port data_in      ;
; cpu:u_cpu|ram:u_ram|mem~448              ; Stuck at GND due to stuck port data_in      ;
; cpu:u_cpu|ram:u_ram|mem~472              ; Stuck at GND due to stuck port data_in      ;
; cpu:u_cpu|ram:u_ram|mem~464              ; Stuck at GND due to stuck port data_in      ;
; cpu:u_cpu|ram:u_ram|mem~488              ; Stuck at GND due to stuck port data_in      ;
; cpu:u_cpu|ram:u_ram|mem~480              ; Stuck at GND due to stuck port data_in      ;
; cpu:u_cpu|ram:u_ram|mem~504              ; Stuck at GND due to stuck port data_in      ;
; cpu:u_cpu|ram:u_ram|mem~496              ; Stuck at GND due to stuck port data_in      ;
; cpu:u_cpu|ram:u_ram|mem~520              ; Stuck at GND due to stuck port data_in      ;
; cpu:u_cpu|ram:u_ram|mem~512              ; Stuck at GND due to stuck port data_in      ;
; cpu:u_cpu|ram:u_ram|mem~536              ; Stuck at GND due to stuck port data_in      ;
; cpu:u_cpu|ram:u_ram|mem~528              ; Stuck at GND due to stuck port data_in      ;
; cpu:u_cpu|ram:u_ram|mem~552              ; Stuck at GND due to stuck port data_in      ;
; cpu:u_cpu|ram:u_ram|mem~544              ; Stuck at GND due to stuck port data_in      ;
; cpu:u_cpu|ram:u_ram|mem~568              ; Stuck at GND due to stuck port data_in      ;
; cpu:u_cpu|ram:u_ram|mem~560              ; Stuck at GND due to stuck port data_in      ;
; cpu:u_cpu|ram:u_ram|mem~584              ; Stuck at GND due to stuck port data_in      ;
; cpu:u_cpu|ram:u_ram|mem~576              ; Stuck at GND due to stuck port data_in      ;
; cpu:u_cpu|ram:u_ram|mem~600              ; Stuck at GND due to stuck port data_in      ;
; cpu:u_cpu|ram:u_ram|mem~592              ; Stuck at GND due to stuck port data_in      ;
; cpu:u_cpu|ram:u_ram|mem~616              ; Stuck at GND due to stuck port data_in      ;
; cpu:u_cpu|ram:u_ram|mem~608              ; Stuck at GND due to stuck port data_in      ;
; cpu:u_cpu|ram:u_ram|mem~632              ; Stuck at GND due to stuck port data_in      ;
; cpu:u_cpu|ram:u_ram|mem~624              ; Stuck at GND due to stuck port data_in      ;
; cpu:u_cpu|ram:u_ram|mem~648              ; Stuck at GND due to stuck port data_in      ;
; cpu:u_cpu|ram:u_ram|mem~640              ; Stuck at GND due to stuck port data_in      ;
; cpu:u_cpu|ram:u_ram|mem~664              ; Stuck at GND due to stuck port data_in      ;
; cpu:u_cpu|ram:u_ram|mem~656              ; Stuck at GND due to stuck port data_in      ;
; cpu:u_cpu|ram:u_ram|mem~680              ; Stuck at GND due to stuck port data_in      ;
; cpu:u_cpu|ram:u_ram|mem~672              ; Stuck at GND due to stuck port data_in      ;
; cpu:u_cpu|ram:u_ram|mem~696              ; Stuck at GND due to stuck port data_in      ;
; cpu:u_cpu|ram:u_ram|mem~688              ; Stuck at GND due to stuck port data_in      ;
; cpu:u_cpu|ram:u_ram|mem~712              ; Stuck at GND due to stuck port data_in      ;
; cpu:u_cpu|ram:u_ram|mem~704              ; Stuck at GND due to stuck port data_in      ;
; cpu:u_cpu|ram:u_ram|mem~728              ; Stuck at GND due to stuck port data_in      ;
; cpu:u_cpu|ram:u_ram|mem~720              ; Stuck at GND due to stuck port data_in      ;
; cpu:u_cpu|ram:u_ram|mem~744              ; Stuck at GND due to stuck port data_in      ;
; cpu:u_cpu|ram:u_ram|mem~736              ; Stuck at GND due to stuck port data_in      ;
; cpu:u_cpu|ram:u_ram|mem~760              ; Stuck at GND due to stuck port data_in      ;
; cpu:u_cpu|ram:u_ram|mem~752              ; Stuck at GND due to stuck port data_in      ;
; cpu:u_cpu|ram:u_ram|mem~776              ; Stuck at GND due to stuck port data_in      ;
; cpu:u_cpu|ram:u_ram|mem~768              ; Stuck at GND due to stuck port data_in      ;
; cpu:u_cpu|ram:u_ram|mem~792              ; Stuck at GND due to stuck port data_in      ;
; cpu:u_cpu|ram:u_ram|mem~784              ; Stuck at GND due to stuck port data_in      ;
; cpu:u_cpu|ram:u_ram|mem~808              ; Stuck at GND due to stuck port data_in      ;
; cpu:u_cpu|ram:u_ram|mem~800              ; Stuck at GND due to stuck port data_in      ;
; cpu:u_cpu|ram:u_ram|mem~824              ; Stuck at GND due to stuck port data_in      ;
; cpu:u_cpu|ram:u_ram|mem~816              ; Stuck at GND due to stuck port data_in      ;
; cpu:u_cpu|ram:u_ram|mem~840              ; Stuck at GND due to stuck port data_in      ;
; cpu:u_cpu|ram:u_ram|mem~832              ; Stuck at GND due to stuck port data_in      ;
; cpu:u_cpu|ram:u_ram|mem~856              ; Stuck at GND due to stuck port data_in      ;
; cpu:u_cpu|ram:u_ram|mem~848              ; Stuck at GND due to stuck port data_in      ;
; cpu:u_cpu|ram:u_ram|mem~872              ; Stuck at GND due to stuck port data_in      ;
; cpu:u_cpu|ram:u_ram|mem~864              ; Stuck at GND due to stuck port data_in      ;
; cpu:u_cpu|ram:u_ram|mem~888              ; Stuck at GND due to stuck port data_in      ;
; cpu:u_cpu|ram:u_ram|mem~880              ; Stuck at GND due to stuck port data_in      ;
; cpu:u_cpu|ram:u_ram|mem~904              ; Stuck at GND due to stuck port data_in      ;
; cpu:u_cpu|ram:u_ram|mem~896              ; Stuck at GND due to stuck port data_in      ;
; cpu:u_cpu|ram:u_ram|mem~920              ; Stuck at GND due to stuck port data_in      ;
; cpu:u_cpu|ram:u_ram|mem~912              ; Stuck at GND due to stuck port data_in      ;
; cpu:u_cpu|ram:u_ram|mem~936              ; Stuck at GND due to stuck port data_in      ;
; cpu:u_cpu|ram:u_ram|mem~928              ; Stuck at GND due to stuck port data_in      ;
; cpu:u_cpu|ram:u_ram|mem~952              ; Stuck at GND due to stuck port data_in      ;
; cpu:u_cpu|ram:u_ram|mem~944              ; Stuck at GND due to stuck port data_in      ;
; cpu:u_cpu|ram:u_ram|mem~968              ; Stuck at GND due to stuck port data_in      ;
; cpu:u_cpu|ram:u_ram|mem~960              ; Stuck at GND due to stuck port data_in      ;
; cpu:u_cpu|ram:u_ram|mem~984              ; Stuck at GND due to stuck port data_in      ;
; cpu:u_cpu|ram:u_ram|mem~976              ; Stuck at GND due to stuck port data_in      ;
; cpu:u_cpu|ram:u_ram|mem~1000             ; Stuck at GND due to stuck port data_in      ;
; cpu:u_cpu|ram:u_ram|mem~992              ; Stuck at GND due to stuck port data_in      ;
; cpu:u_cpu|ram:u_ram|mem~1016             ; Stuck at GND due to stuck port data_in      ;
; cpu:u_cpu|ram:u_ram|mem~1008             ; Stuck at GND due to stuck port data_in      ;
; cpu:u_cpu|ram:u_ram|mem~1032             ; Stuck at GND due to stuck port data_in      ;
; cpu:u_cpu|ram:u_ram|mem~1024             ; Stuck at GND due to stuck port data_in      ;
; cpu:u_cpu|ram:u_ram|mem~1048             ; Stuck at GND due to stuck port data_in      ;
; cpu:u_cpu|ram:u_ram|mem~1040             ; Stuck at GND due to stuck port data_in      ;
; cpu:u_cpu|ram:u_ram|mem~1064             ; Stuck at GND due to stuck port data_in      ;
; cpu:u_cpu|ram:u_ram|mem~1056             ; Stuck at GND due to stuck port data_in      ;
; cpu:u_cpu|ram:u_ram|mem~1080             ; Stuck at GND due to stuck port data_in      ;
; cpu:u_cpu|ram:u_ram|mem~1072             ; Stuck at GND due to stuck port data_in      ;
; cpu:u_cpu|ram:u_ram|mem~1096             ; Stuck at GND due to stuck port data_in      ;
; cpu:u_cpu|ram:u_ram|mem~1088             ; Stuck at GND due to stuck port data_in      ;
; cpu:u_cpu|ram:u_ram|mem~1112             ; Stuck at GND due to stuck port data_in      ;
; cpu:u_cpu|ram:u_ram|mem~1104             ; Stuck at GND due to stuck port data_in      ;
; cpu:u_cpu|ram:u_ram|mem~1128             ; Stuck at GND due to stuck port data_in      ;
; cpu:u_cpu|ram:u_ram|mem~1120             ; Stuck at GND due to stuck port data_in      ;
; cpu:u_cpu|ram:u_ram|mem~1144             ; Stuck at GND due to stuck port data_in      ;
; cpu:u_cpu|ram:u_ram|mem~1136             ; Stuck at GND due to stuck port data_in      ;
; cpu:u_cpu|ram:u_ram|mem~1160             ; Stuck at GND due to stuck port data_in      ;
; cpu:u_cpu|ram:u_ram|mem~1152             ; Stuck at GND due to stuck port data_in      ;
; cpu:u_cpu|ram:u_ram|mem~1176             ; Stuck at GND due to stuck port data_in      ;
; cpu:u_cpu|ram:u_ram|mem~1168             ; Stuck at GND due to stuck port data_in      ;
; cpu:u_cpu|ram:u_ram|mem~1192             ; Stuck at GND due to stuck port data_in      ;
; cpu:u_cpu|ram:u_ram|mem~1184             ; Stuck at GND due to stuck port data_in      ;
; cpu:u_cpu|ram:u_ram|mem~1208             ; Stuck at GND due to stuck port data_in      ;
; cpu:u_cpu|ram:u_ram|mem~1200             ; Stuck at GND due to stuck port data_in      ;
; cpu:u_cpu|ram:u_ram|mem~1224             ; Stuck at GND due to stuck port data_in      ;
; cpu:u_cpu|ram:u_ram|mem~1216             ; Stuck at GND due to stuck port data_in      ;
; cpu:u_cpu|ram:u_ram|mem~1240             ; Stuck at GND due to stuck port data_in      ;
; cpu:u_cpu|ram:u_ram|mem~1232             ; Stuck at GND due to stuck port data_in      ;
; cpu:u_cpu|ram:u_ram|mem~1256             ; Stuck at GND due to stuck port data_in      ;
; cpu:u_cpu|ram:u_ram|mem~1248             ; Stuck at GND due to stuck port data_in      ;
; cpu:u_cpu|ram:u_ram|mem~1272             ; Stuck at GND due to stuck port data_in      ;
; cpu:u_cpu|ram:u_ram|mem~1264             ; Stuck at GND due to stuck port data_in      ;
; cpu:u_cpu|ram:u_ram|mem~1288             ; Stuck at GND due to stuck port data_in      ;
; cpu:u_cpu|ram:u_ram|mem~1280             ; Stuck at GND due to stuck port data_in      ;
; cpu:u_cpu|ram:u_ram|mem~1304             ; Stuck at GND due to stuck port data_in      ;
; cpu:u_cpu|ram:u_ram|mem~1296             ; Stuck at GND due to stuck port data_in      ;
; cpu:u_cpu|ram:u_ram|mem~1320             ; Stuck at GND due to stuck port data_in      ;
; cpu:u_cpu|ram:u_ram|mem~1312             ; Stuck at GND due to stuck port data_in      ;
; cpu:u_cpu|ram:u_ram|mem~1336             ; Stuck at GND due to stuck port data_in      ;
; cpu:u_cpu|ram:u_ram|mem~1328             ; Stuck at GND due to stuck port data_in      ;
; cpu:u_cpu|ram:u_ram|mem~1352             ; Stuck at GND due to stuck port data_in      ;
; cpu:u_cpu|ram:u_ram|mem~1344             ; Stuck at GND due to stuck port data_in      ;
; cpu:u_cpu|ram:u_ram|mem~1368             ; Stuck at GND due to stuck port data_in      ;
; cpu:u_cpu|ram:u_ram|mem~1360             ; Stuck at GND due to stuck port data_in      ;
; cpu:u_cpu|ram:u_ram|mem~1384             ; Stuck at GND due to stuck port data_in      ;
; cpu:u_cpu|ram:u_ram|mem~1376             ; Stuck at GND due to stuck port data_in      ;
; cpu:u_cpu|ram:u_ram|mem~1400             ; Stuck at GND due to stuck port data_in      ;
; cpu:u_cpu|ram:u_ram|mem~1392             ; Stuck at GND due to stuck port data_in      ;
; cpu:u_cpu|ram:u_ram|mem~1416             ; Stuck at GND due to stuck port data_in      ;
; cpu:u_cpu|ram:u_ram|mem~1408             ; Stuck at GND due to stuck port data_in      ;
; cpu:u_cpu|ram:u_ram|mem~1432             ; Stuck at GND due to stuck port data_in      ;
; cpu:u_cpu|ram:u_ram|mem~1424             ; Stuck at GND due to stuck port data_in      ;
; cpu:u_cpu|ram:u_ram|mem~1448             ; Stuck at GND due to stuck port data_in      ;
; cpu:u_cpu|ram:u_ram|mem~1440             ; Stuck at GND due to stuck port data_in      ;
; cpu:u_cpu|ram:u_ram|mem~1464             ; Stuck at GND due to stuck port data_in      ;
; cpu:u_cpu|ram:u_ram|mem~1456             ; Stuck at GND due to stuck port data_in      ;
; cpu:u_cpu|ram:u_ram|mem~1480             ; Stuck at GND due to stuck port data_in      ;
; cpu:u_cpu|ram:u_ram|mem~1472             ; Stuck at GND due to stuck port data_in      ;
; cpu:u_cpu|ram:u_ram|mem~1496             ; Stuck at GND due to stuck port data_in      ;
; cpu:u_cpu|ram:u_ram|mem~1488             ; Stuck at GND due to stuck port data_in      ;
; cpu:u_cpu|ram:u_ram|mem~1512             ; Stuck at GND due to stuck port data_in      ;
; cpu:u_cpu|ram:u_ram|mem~1504             ; Stuck at GND due to stuck port data_in      ;
; cpu:u_cpu|ram:u_ram|mem~1528             ; Stuck at GND due to stuck port data_in      ;
; cpu:u_cpu|ram:u_ram|mem~1520             ; Stuck at GND due to stuck port data_in      ;
; cpu:u_cpu|ram:u_ram|mem~1544             ; Stuck at GND due to stuck port data_in      ;
; cpu:u_cpu|ram:u_ram|mem~1536             ; Stuck at GND due to stuck port data_in      ;
; cpu:u_cpu|ram:u_ram|mem~1560             ; Stuck at GND due to stuck port data_in      ;
; cpu:u_cpu|ram:u_ram|mem~1552             ; Stuck at GND due to stuck port data_in      ;
; cpu:u_cpu|ram:u_ram|mem~1576             ; Stuck at GND due to stuck port data_in      ;
; cpu:u_cpu|ram:u_ram|mem~1568             ; Stuck at GND due to stuck port data_in      ;
; cpu:u_cpu|ram:u_ram|mem~1592             ; Stuck at GND due to stuck port data_in      ;
; cpu:u_cpu|ram:u_ram|mem~1584             ; Stuck at GND due to stuck port data_in      ;
; cpu:u_cpu|ram:u_ram|mem~1608             ; Stuck at GND due to stuck port data_in      ;
; cpu:u_cpu|ram:u_ram|mem~1600             ; Stuck at GND due to stuck port data_in      ;
; cpu:u_cpu|ram:u_ram|mem~1624             ; Stuck at GND due to stuck port data_in      ;
; cpu:u_cpu|ram:u_ram|mem~1616             ; Stuck at GND due to stuck port data_in      ;
; cpu:u_cpu|ram:u_ram|mem~1640             ; Stuck at GND due to stuck port data_in      ;
; cpu:u_cpu|ram:u_ram|mem~1632             ; Stuck at GND due to stuck port data_in      ;
; cpu:u_cpu|ram:u_ram|mem~1656             ; Stuck at GND due to stuck port data_in      ;
; cpu:u_cpu|ram:u_ram|mem~1648             ; Stuck at GND due to stuck port data_in      ;
; cpu:u_cpu|ram:u_ram|mem~1672             ; Stuck at GND due to stuck port data_in      ;
; cpu:u_cpu|ram:u_ram|mem~1664             ; Stuck at GND due to stuck port data_in      ;
; cpu:u_cpu|ram:u_ram|mem~1688             ; Stuck at GND due to stuck port data_in      ;
; cpu:u_cpu|ram:u_ram|mem~1680             ; Stuck at GND due to stuck port data_in      ;
; cpu:u_cpu|ram:u_ram|mem~1704             ; Stuck at GND due to stuck port data_in      ;
; cpu:u_cpu|ram:u_ram|mem~1696             ; Stuck at GND due to stuck port data_in      ;
; cpu:u_cpu|ram:u_ram|mem~1720             ; Stuck at GND due to stuck port data_in      ;
; cpu:u_cpu|ram:u_ram|mem~1712             ; Stuck at GND due to stuck port data_in      ;
; cpu:u_cpu|ram:u_ram|mem~1736             ; Stuck at GND due to stuck port data_in      ;
; cpu:u_cpu|ram:u_ram|mem~1728             ; Stuck at GND due to stuck port data_in      ;
; cpu:u_cpu|ram:u_ram|mem~1752             ; Stuck at GND due to stuck port data_in      ;
; cpu:u_cpu|ram:u_ram|mem~1744             ; Stuck at GND due to stuck port data_in      ;
; cpu:u_cpu|ram:u_ram|mem~1768             ; Stuck at GND due to stuck port data_in      ;
; cpu:u_cpu|ram:u_ram|mem~1760             ; Stuck at GND due to stuck port data_in      ;
; cpu:u_cpu|ram:u_ram|mem~1784             ; Stuck at GND due to stuck port data_in      ;
; cpu:u_cpu|ram:u_ram|mem~1776             ; Stuck at GND due to stuck port data_in      ;
; cpu:u_cpu|ram:u_ram|mem~1800             ; Stuck at GND due to stuck port data_in      ;
; cpu:u_cpu|ram:u_ram|mem~1792             ; Stuck at GND due to stuck port data_in      ;
; cpu:u_cpu|ram:u_ram|mem~1816             ; Stuck at GND due to stuck port data_in      ;
; cpu:u_cpu|ram:u_ram|mem~1808             ; Stuck at GND due to stuck port data_in      ;
; cpu:u_cpu|ram:u_ram|mem~1832             ; Stuck at GND due to stuck port data_in      ;
; cpu:u_cpu|ram:u_ram|mem~1824             ; Stuck at GND due to stuck port data_in      ;
; cpu:u_cpu|ram:u_ram|mem~1848             ; Stuck at GND due to stuck port data_in      ;
; cpu:u_cpu|ram:u_ram|mem~1840             ; Stuck at GND due to stuck port data_in      ;
; cpu:u_cpu|ram:u_ram|mem~1864             ; Stuck at GND due to stuck port data_in      ;
; cpu:u_cpu|ram:u_ram|mem~1856             ; Stuck at GND due to stuck port data_in      ;
; cpu:u_cpu|ram:u_ram|mem~1880             ; Stuck at GND due to stuck port data_in      ;
; cpu:u_cpu|ram:u_ram|mem~1872             ; Stuck at GND due to stuck port data_in      ;
; cpu:u_cpu|ram:u_ram|mem~1896             ; Stuck at GND due to stuck port data_in      ;
; cpu:u_cpu|ram:u_ram|mem~1888             ; Stuck at GND due to stuck port data_in      ;
; cpu:u_cpu|ram:u_ram|mem~1912             ; Stuck at GND due to stuck port data_in      ;
; cpu:u_cpu|ram:u_ram|mem~1904             ; Stuck at GND due to stuck port data_in      ;
; cpu:u_cpu|ram:u_ram|mem~1928             ; Stuck at GND due to stuck port data_in      ;
; cpu:u_cpu|ram:u_ram|mem~1920             ; Stuck at GND due to stuck port data_in      ;
; cpu:u_cpu|ram:u_ram|mem~1944             ; Stuck at GND due to stuck port data_in      ;
; cpu:u_cpu|ram:u_ram|mem~1936             ; Stuck at GND due to stuck port data_in      ;
; cpu:u_cpu|ram:u_ram|mem~1960             ; Stuck at GND due to stuck port data_in      ;
; cpu:u_cpu|ram:u_ram|mem~1952             ; Stuck at GND due to stuck port data_in      ;
; cpu:u_cpu|ram:u_ram|mem~1976             ; Stuck at GND due to stuck port data_in      ;
; cpu:u_cpu|ram:u_ram|mem~1968             ; Stuck at GND due to stuck port data_in      ;
; cpu:u_cpu|ram:u_ram|mem~1992             ; Stuck at GND due to stuck port data_in      ;
; cpu:u_cpu|ram:u_ram|mem~1984             ; Stuck at GND due to stuck port data_in      ;
; cpu:u_cpu|ram:u_ram|mem~2008             ; Stuck at GND due to stuck port data_in      ;
; cpu:u_cpu|ram:u_ram|mem~2000             ; Stuck at GND due to stuck port data_in      ;
; cpu:u_cpu|ram:u_ram|mem~2024             ; Stuck at GND due to stuck port data_in      ;
; cpu:u_cpu|ram:u_ram|mem~2016             ; Stuck at GND due to stuck port data_in      ;
; cpu:u_cpu|ram:u_ram|mem~2040             ; Stuck at GND due to stuck port data_in      ;
; cpu:u_cpu|ram:u_ram|mem~2032             ; Stuck at GND due to stuck port data_in      ;
; hb_ctr[24,25]                            ; Lost fanout                                 ;
; Total Number of Removed Registers = 2092 ;                                             ;
+------------------------------------------+---------------------------------------------+


+--------------------------------------------------------------------------------------------------------------------------------------+
; Removed Registers Triggering Further Register Optimizations                                                                          ;
+----------------------------------+---------------------------+-----------------------------------------------------------------------+
; Register name                    ; Reason for Removal        ; Registers Removed due to This Register                                ;
+----------------------------------+---------------------------+-----------------------------------------------------------------------+
; cpu:u_cpu|rom:u_rom|data_out[15] ; Stuck at GND              ; cpu:u_cpu|halted, cpu:u_cpu|regfile:u_rf|regs[4][7],                  ;
;                                  ; due to stuck port data_in ; cpu:u_cpu|regfile:u_rf|regs[5][7], cpu:u_cpu|regfile:u_rf|regs[6][7], ;
;                                  ;                           ; cpu:u_cpu|regfile:u_rf|regs[7][7], cpu:u_cpu|regfile:u_rf|regs[4][5], ;
;                                  ;                           ; cpu:u_cpu|regfile:u_rf|regs[5][5], cpu:u_cpu|regfile:u_rf|regs[6][5], ;
;                                  ;                           ; cpu:u_cpu|regfile:u_rf|regs[7][5], cpu:u_cpu|regfile:u_rf|regs[4][4], ;
;                                  ;                           ; cpu:u_cpu|regfile:u_rf|regs[5][4], cpu:u_cpu|regfile:u_rf|regs[6][4], ;
;                                  ;                           ; cpu:u_cpu|regfile:u_rf|regs[7][4], cpu:u_cpu|regfile:u_rf|regs[4][3], ;
;                                  ;                           ; cpu:u_cpu|regfile:u_rf|regs[5][3], cpu:u_cpu|regfile:u_rf|regs[6][3], ;
;                                  ;                           ; cpu:u_cpu|regfile:u_rf|regs[7][3], cpu:u_cpu|regfile:u_rf|regs[4][2], ;
;                                  ;                           ; cpu:u_cpu|regfile:u_rf|regs[5][2], cpu:u_cpu|regfile:u_rf|regs[6][2], ;
;                                  ;                           ; cpu:u_cpu|regfile:u_rf|regs[7][2], cpu:u_cpu|regfile:u_rf|regs[4][1], ;
;                                  ;                           ; cpu:u_cpu|regfile:u_rf|regs[5][1], cpu:u_cpu|regfile:u_rf|regs[6][1], ;
;                                  ;                           ; cpu:u_cpu|regfile:u_rf|regs[7][1], cpu:u_cpu|regfile:u_rf|regs[4][0], ;
;                                  ;                           ; cpu:u_cpu|regfile:u_rf|regs[5][0], cpu:u_cpu|regfile:u_rf|regs[6][0], ;
;                                  ;                           ; cpu:u_cpu|regfile:u_rf|regs[7][0]                                     ;
+----------------------------------+---------------------------+-----------------------------------------------------------------------+


+------------------------------------------------------+
; General Register Statistics                          ;
+----------------------------------------------+-------+
; Statistic                                    ; Value ;
+----------------------------------------------+-------+
; Total registers                              ; 212   ;
; Number of registers using Synchronous Clear  ; 41    ;
; Number of registers using Synchronous Load   ; 0     ;
; Number of registers using Asynchronous Clear ; 0     ;
; Number of registers using Asynchronous Load  ; 0     ;
; Number of registers using Clock Enable       ; 169   ;
; Number of registers using Preset             ; 0     ;
+----------------------------------------------+-------+


+-------------------------------------------------------------------------------------------------------------------------------------------------------+
; Multiplexer Restructuring Statistics (Restructuring Performed)                                                                                        ;
+--------------------+-----------+---------------+----------------------+------------------------+------------+-----------------------------------------+
; Multiplexer Inputs ; Bus Width ; Baseline Area ; Area if Restructured ; Saving if Restructured ; Registered ; Example Multiplexer Output              ;
+--------------------+-----------+---------------+----------------------+------------------------+------------+-----------------------------------------+
; 3:1                ; 8 bits    ; 16 LEs        ; 8 LEs                ; 8 LEs                  ; Yes        ; |top|cpu:u_cpu|stack:u_stack|mem[0][3]  ;
; 3:1                ; 8 bits    ; 16 LEs        ; 8 LEs                ; 8 LEs                  ; Yes        ; |top|cpu:u_cpu|stack:u_stack|mem[8][0]  ;
; 3:1                ; 8 bits    ; 16 LEs        ; 8 LEs                ; 8 LEs                  ; Yes        ; |top|cpu:u_cpu|stack:u_stack|mem[4][2]  ;
; 3:1                ; 8 bits    ; 16 LEs        ; 8 LEs                ; 8 LEs                  ; Yes        ; |top|cpu:u_cpu|stack:u_stack|mem[12][6] ;
; 3:1                ; 8 bits    ; 16 LEs        ; 8 LEs                ; 8 LEs                  ; Yes        ; |top|cpu:u_cpu|stack:u_stack|mem[2][6]  ;
; 3:1                ; 8 bits    ; 16 LEs        ; 8 LEs                ; 8 LEs                  ; Yes        ; |top|cpu:u_cpu|stack:u_stack|mem[10][7] ;
; 3:1                ; 8 bits    ; 16 LEs        ; 8 LEs                ; 8 LEs                  ; Yes        ; |top|cpu:u_cpu|stack:u_stack|mem[6][5]  ;
; 3:1                ; 8 bits    ; 16 LEs        ; 8 LEs                ; 8 LEs                  ; Yes        ; |top|cpu:u_cpu|stack:u_stack|mem[14][1] ;
; 3:1                ; 8 bits    ; 16 LEs        ; 8 LEs                ; 8 LEs                  ; Yes        ; |top|cpu:u_cpu|stack:u_stack|mem[1][4]  ;
; 3:1                ; 8 bits    ; 16 LEs        ; 8 LEs                ; 8 LEs                  ; Yes        ; |top|cpu:u_cpu|stack:u_stack|mem[9][0]  ;
; 3:1                ; 8 bits    ; 16 LEs        ; 8 LEs                ; 8 LEs                  ; Yes        ; |top|cpu:u_cpu|stack:u_stack|mem[5][2]  ;
; 3:1                ; 8 bits    ; 16 LEs        ; 8 LEs                ; 8 LEs                  ; Yes        ; |top|cpu:u_cpu|stack:u_stack|mem[13][7] ;
; 3:1                ; 8 bits    ; 16 LEs        ; 8 LEs                ; 8 LEs                  ; Yes        ; |top|cpu:u_cpu|stack:u_stack|mem[3][3]  ;
; 3:1                ; 8 bits    ; 16 LEs        ; 8 LEs                ; 8 LEs                  ; Yes        ; |top|cpu:u_cpu|stack:u_stack|mem[11][0] ;
; 3:1                ; 8 bits    ; 16 LEs        ; 8 LEs                ; 8 LEs                  ; Yes        ; |top|cpu:u_cpu|stack:u_stack|mem[7][4]  ;
; 3:1                ; 8 bits    ; 16 LEs        ; 8 LEs                ; 8 LEs                  ; Yes        ; |top|cpu:u_cpu|stack:u_stack|mem[15][1] ;
; 3:1                ; 2 bits    ; 4 LEs         ; 2 LEs                ; 2 LEs                  ; Yes        ; |top|cpu:u_cpu|flag_z                   ;
; 3:1                ; 8 bits    ; 16 LEs        ; 8 LEs                ; 8 LEs                  ; Yes        ; |top|cpu:u_cpu|regfile:u_rf|regs[0][0]  ;
; 3:1                ; 8 bits    ; 16 LEs        ; 8 LEs                ; 8 LEs                  ; Yes        ; |top|cpu:u_cpu|regfile:u_rf|regs[1][1]  ;
; 3:1                ; 8 bits    ; 16 LEs        ; 8 LEs                ; 8 LEs                  ; Yes        ; |top|cpu:u_cpu|regfile:u_rf|regs[2][4]  ;
; 3:1                ; 8 bits    ; 16 LEs        ; 8 LEs                ; 8 LEs                  ; Yes        ; |top|cpu:u_cpu|regfile:u_rf|regs[3][7]  ;
; 3:1                ; 8 bits    ; 16 LEs        ; 16 LEs               ; 0 LEs                  ; Yes        ; |top|cpu:u_cpu|pc:u_pc|pc_out[0]        ;
; 4:1                ; 6 bits    ; 12 LEs        ; 12 LEs               ; 0 LEs                  ; Yes        ; |top|cpu:u_cpu|stack:u_stack|sp[0]      ;
; 8:1                ; 8 bits    ; 40 LEs        ; 24 LEs               ; 16 LEs                 ; No         ; |top|cpu:u_cpu|regfile:u_rf|Mux9        ;
; 8:1                ; 8 bits    ; 40 LEs        ; 24 LEs               ; 16 LEs                 ; No         ; |top|cpu:u_cpu|regfile:u_rf|Mux6        ;
; 17:1               ; 4 bits    ; 44 LEs        ; 4 LEs                ; 40 LEs                 ; No         ; |top|cpu:u_cpu|decoder:u_dec|Selector0  ;
; 8:1                ; 2 bits    ; 10 LEs        ; 6 LEs                ; 4 LEs                  ; No         ; |top|cpu:u_cpu|decoder:u_dec|Selector5  ;
; 8:1                ; 6 bits    ; 30 LEs        ; 30 LEs               ; 0 LEs                  ; No         ; |top|cpu:u_cpu|alu:u_alu|Mux2           ;
; 20:1               ; 2 bits    ; 26 LEs        ; 24 LEs               ; 2 LEs                  ; No         ; |top|cpu:u_cpu|wb_data[6]               ;
; 20:1               ; 6 bits    ; 78 LEs        ; 72 LEs               ; 6 LEs                  ; No         ; |top|cpu:u_cpu|wb_data[2]               ;
+--------------------+-----------+---------------+----------------------+------------------------+------------+-----------------------------------------+


+--------------------------------------------------------+
; Parameter Settings for User Entity Instance: cpu:u_cpu ;
+----------------+-------------+-------------------------+
; Parameter Name ; Value       ; Type                    ;
+----------------+-------------+-------------------------+
; ROM_INIT       ; program.hex ; String                  ;
+----------------+-------------+-------------------------+
Note: In order to hide this table in the UI and the text report file, please set the "Show Parameter Settings in Synthesis Report" option in "Analysis and Synthesis Settings -> More Settings" to "Off".


+------------------------------------------------------------------+
; Parameter Settings for User Entity Instance: cpu:u_cpu|rom:u_rom ;
+----------------+-------------+-----------------------------------+
; Parameter Name ; Value       ; Type                              ;
+----------------+-------------+-----------------------------------+
; INIT_FILE      ; program.hex ; String                            ;
+----------------+-------------+-----------------------------------+
Note: In order to hide this table in the UI and the text report file, please set the "Show Parameter Settings in Synthesis Report" option in "Analysis and Synthesis Settings -> More Settings" to "Off".


+----------------------------------------------------------------------+
; Parameter Settings for User Entity Instance: cpu:u_cpu|stack:u_stack ;
+----------------+-------+---------------------------------------------+
; Parameter Name ; Value ; Type                                        ;
+----------------+-------+---------------------------------------------+
; DEPTH          ; 16    ; Signed Integer                              ;
+----------------+-------+---------------------------------------------+
Note: In order to hide this table in the UI and the text report file, please set the "Show Parameter Settings in Synthesis Report" option in "Analysis and Synthesis Settings -> More Settings" to "Off".


+-------------------------------------------------------------------------------------------------------------------+
; Port Connectivity Checks: "cpu:u_cpu|pc:u_pc"                                                                     ;
+---------+--------+----------+-------------------------------------------------------------------------------------+
; Port    ; Type   ; Severity ; Details                                                                             ;
+---------+--------+----------+-------------------------------------------------------------------------------------+
; pc_next ; Output ; Info     ; Connected to dangling logic. Logic that only feeds a dangling port will be removed. ;
+---------+--------+----------+-------------------------------------------------------------------------------------+


+--------------------------------------------------------+
; Port Connectivity Checks: "cpu:u_cpu|stack:u_stack"    ;
+-----------+--------+----------+------------------------+
; Port      ; Type   ; Severity ; Details                ;
+-----------+--------+----------+------------------------+
; full      ; Output ; Info     ; Explicitly unconnected ;
; empty     ; Output ; Info     ; Explicitly unconnected ;
; overflow  ; Output ; Info     ; Explicitly unconnected ;
; underflow ; Output ; Info     ; Explicitly unconnected ;
+-----------+--------+----------+------------------------+


+------------------------------------------------------------------------------------------------------------------+
; Port Connectivity Checks: "cpu:u_cpu|decoder:u_dec"                                                              ;
+--------+--------+----------+-------------------------------------------------------------------------------------+
; Port   ; Type   ; Severity ; Details                                                                             ;
+--------+--------+----------+-------------------------------------------------------------------------------------+
; mem_re ; Output ; Info     ; Connected to dangling logic. Logic that only feeds a dangling port will be removed. ;
+--------+--------+----------+-------------------------------------------------------------------------------------+


+------------------------------------------------------------------------------------------------------------------------+
; Port Connectivity Checks: "cpu:u_cpu"                                                                                  ;
+--------------+--------+----------+-------------------------------------------------------------------------------------+
; Port         ; Type   ; Severity ; Details                                                                             ;
+--------------+--------+----------+-------------------------------------------------------------------------------------+
; dbg_pc[7..3] ; Output ; Info     ; Connected to dangling logic. Logic that only feeds a dangling port will be removed. ;
+--------------+--------+----------+-------------------------------------------------------------------------------------+


+-----------------------------------------------------+
; Post-Synthesis Netlist Statistics for Top Partition ;
+-----------------------+-----------------------------+
; Type                  ; Count                       ;
+-----------------------+-----------------------------+
; boundary_port         ; 10                          ;
; cycloneiii_ff         ; 212                         ;
;     ENA               ; 160                         ;
;     ENA SCLR          ; 9                           ;
;     SCLR              ; 32                          ;
;     plain             ; 11                          ;
; cycloneiii_lcell_comb ; 355                         ;
;     arith             ; 51                          ;
;         2 data inputs ; 31                          ;
;         3 data inputs ; 20                          ;
;     normal            ; 304                         ;
;         0 data inputs ; 2                           ;
;         1 data inputs ; 11                          ;
;         2 data inputs ; 22                          ;
;         3 data inputs ; 28                          ;
;         4 data inputs ; 241                         ;
;                       ;                             ;
; Max LUT depth         ; 12.30                       ;
; Average LUT depth     ; 6.22                        ;
+-----------------------+-----------------------------+


+-------------------------------+
; Elapsed Time Per Partition    ;
+----------------+--------------+
; Partition Name ; Elapsed Time ;
+----------------+--------------+
; Top            ; 00:00:07     ;
+----------------+--------------+


+-------------------------------+
; Analysis & Synthesis Messages ;
+-------------------------------+
Info: *******************************************************************
Info: Running Quartus Prime Analysis & Synthesis
    Info: Version 22.1std.2 Build 922 07/20/2023 SC Lite Edition
    Info: Processing started: Tue Feb 24 18:00:11 2026
Info: Command: quartus_map --read_settings_files=on --write_settings_files=off cpu_fpga -c cpu_fpga
Info (20030): Parallel compilation is enabled and will use 8 of the 8 processors detected
Info (12021): Found 1 design units, including 1 entities, in source file /project/rtl/top.v
    Info (12023): Found entity 1: top File: /project/rtl/top.v Line: 21
Info (12021): Found 1 design units, including 1 entities, in source file /project/rtl/cpu.v
    Info (12023): Found entity 1: cpu File: /project/rtl/cpu.v Line: 21
Info (12021): Found 1 design units, including 1 entities, in source file /project/rtl/alu.v
    Info (12023): Found entity 1: alu File: /project/rtl/alu.v Line: 17
Info (12021): Found 1 design units, including 1 entities, in source file /project/rtl/regfile.v
    Info (12023): Found entity 1: regfile File: /project/rtl/regfile.v Line: 28
Info (12021): Found 1 design units, including 1 entities, in source file /project/rtl/pc.v
    Info (12023): Found entity 1: pc File: /project/rtl/pc.v Line: 20
Info (12021): Found 1 design units, including 1 entities, in source file /project/rtl/decoder.v
    Info (12023): Found entity 1: decoder File: /project/rtl/decoder.v Line: 23
Info (12021): Found 1 design units, including 1 entities, in source file /project/rtl/rom.v
    Info (12023): Found entity 1: rom File: /project/rtl/rom.v Line: 17
Info (12021): Found 1 design units, including 1 entities, in source file /project/rtl/ram.v
    Info (12023): Found entity 1: ram File: /project/rtl/ram.v Line: 18
Info (12021): Found 1 design units, including 1 entities, in source file /project/rtl/stack.v
    Info (12023): Found entity 1: stack File: /project/rtl/stack.v Line: 24
Info (12127): Elaborating entity "top" for the top level hierarchy
Info (12128): Elaborating entity "cpu" for hierarchy "cpu:u_cpu" File: /project/rtl/top.v Line: 69
Info (12128): Elaborating entity "rom" for hierarchy "cpu:u_cpu|rom:u_rom" File: /project/rtl/cpu.v Line: 130
Warning (10850): Verilog HDL warning at rom.v(29): number of words (6) in memory file does not match the number of elements in the address range [0:255] File: /project/rtl/rom.v Line: 29
Warning (10030): Net "mem.data_a" at rom.v(25) has no driver or initial value, using a default initial value '0' File: /project/rtl/rom.v Line: 25
Warning (10030): Net "mem.waddr_a" at rom.v(25) has no driver or initial value, using a default initial value '0' File: /project/rtl/rom.v Line: 25
Warning (10030): Net "mem.we_a" at rom.v(25) has no driver or initial value, using a default initial value '0' File: /project/rtl/rom.v Line: 25
Info (12128): Elaborating entity "decoder" for hierarchy "cpu:u_cpu|decoder:u_dec" File: /project/rtl/cpu.v Line: 155
Info (12128): Elaborating entity "regfile" for hierarchy "cpu:u_cpu|regfile:u_rf" File: /project/rtl/cpu.v Line: 168
Info (12128): Elaborating entity "alu" for hierarchy "cpu:u_cpu|alu:u_alu" File: /project/rtl/cpu.v Line: 183
Info (12128): Elaborating entity "ram" for hierarchy "cpu:u_cpu|ram:u_ram" File: /project/rtl/cpu.v Line: 195
Info (12128): Elaborating entity "stack" for hierarchy "cpu:u_cpu|stack:u_stack" File: /project/rtl/cpu.v Line: 219
Warning (10230): Verilog HDL assignment warning at stack.v(72): truncated value with size 32 to match size of target (6) File: /project/rtl/stack.v Line: 72
Warning (10230): Verilog HDL assignment warning at stack.v(79): truncated value with size 32 to match size of target (6) File: /project/rtl/stack.v Line: 79
Info (12128): Elaborating entity "pc" for hierarchy "cpu:u_cpu|pc:u_pc" File: /project/rtl/cpu.v Line: 251
Warning (127007): Memory Initialization File or Hexadecimal (Intel-Format) File "/project/quartus/db/cpu_fpga.ram0_rom_36175dc4.hdl.mif" contains "don't care" values -- overwriting them with 0s
Info (276014): Found 2 instances of uninferred RAM logic
    Info (276013): RAM logic "cpu:u_cpu|rom:u_rom|mem" is uninferred because MIF is not supported for the selected family File: /project/rtl/rom.v Line: 25
    Info (276007): RAM logic "cpu:u_cpu|ram:u_ram|mem" is uninferred due to asynchronous read logic File: /project/rtl/ram.v Line: 26
Warning (127007): Memory Initialization File or Hexadecimal (Intel-Format) File "/project/quartus/db/cpu_fpga.ram0_rom_36175dc4.hdl.mif" contains "don't care" values -- overwriting them with 0s
Info (286030): Timing-Driven Synthesis is running
Info (17049): 2 registers lost all their fanouts during netlist optimizations.
Info (16010): Generating hard_block partition "hard_block:auto_generated_inst"
    Info (16011): Adding 0 node(s), including 0 DDIO, 0 PLL, 0 transceiver and 0 LCELL
Info (21057): Implemented 520 device resources after synthesis - the final resource count might be different
    Info (21058): Implemented 2 input pins
    Info (21059): Implemented 8 output pins
    Info (21061): Implemented 510 logic cells
Info: Quartus Prime Analysis & Synthesis was successful. 0 errors, 8 warnings
    Info: Peak virtual memory: 0 megabytes
    Info: Processing ended: Tue Feb 24 18:00:53 2026
    Info: Elapsed time: 00:00:42
    Info: Total CPU time (on all processors): 00:01:27


